interview_id,theme_name,sentiment,importance_level,quote_sample,turn_number,analyst_notes,created_at,theme_id
P1,ราคา,Neutral,Medium,ส่วนใหญ่ใช้ Sunlight ค่ะ บางทีก็เปลี่ยนเป็นแบรนด์ที่ลดราคาตามซูเปอร์ใกล้บ้าน อย่างไลปอนเอฟก็เคยลอง,2,,2025-12-12T18:50:42.173919,7
P1,ขจัดคราบมัน,Mixed,Medium,Sunlight กลิ่นมันสดชื่นดีค่ะ รู้สึกสะอาด ส่วนไลปอนเอฟมันล้างมันออกง่ายจริง แต่กลิ่นแรงไปนิด,4,,2025-12-12T18:50:42.173919,2
P1,กลิ่นหอม,Mixed,Medium,ใช่ค่ะ อยากได้กลิ่นหอมมากกว่า เพราะจานมันไม่ค่อยมันเท่าไหร่ อยากให้ล้างแล้วกลิ่นสะอาด เหมือนห้องครัวหอมขึ้น,8,,2025-12-12T18:50:42.173919,1
P1,กลิ่นหอม,Positive,Medium,ล้างง่าย กลิ่นหอมแบบธรรมชาติ มือไม่แห้ง แล้วก็มีดีไซน์ขวดที่เรียบๆ สวยวางในห้องครัวแล้วดูสะอาดตา,30,,2025-12-12T18:50:42.173919,1
P1,ล้างออกง่าย,Mixed,High,อยากให้ล้างง่าย ไม่ต้องใช้น้ำเยอะ เพราะอยู่คอนโด น้ำมันไม่แรงมาก แล้วก็ไม่ชอบฟองเยอะ เพราะจะล้างยาก,10,,2025-12-12T18:50:42.173919,8
P1,ล้างออกง่าย,Neutral,High,ใช้ได้นาน ล้างออกง่าย และไม่ต้องใช้น้ำเยอะ ถ้าใช้แล้วไม่ต้องบีบเยอะถือว่าคุ้มค่ะ,24,,2025-12-12T18:50:42.173919,8
P1,ล้างออกง่าย,Positive,High,Sunlight ค่ะ เพราะชอบกลิ่นและล้างออกง่ายกว่า,26,,2025-12-12T18:50:42.173919,8
P1,ล้างออกง่าย,Positive,High,ล้างง่าย กลิ่นหอมแบบธรรมชาติ มือไม่แห้ง แล้วก็มีดีไซน์ขวดที่เรียบๆ สวยวางในห้องครัวแล้วดูสะอาดตา,30,,2025-12-12T18:50:42.173919,8
P1,ฟอง,Mixed,Medium,อยากให้ล้างง่าย ไม่ต้องใช้น้ำเยอะ เพราะอยู่คอนโด น้ำมันไม่แรงมาก แล้วก็ไม่ชอบฟองเยอะ เพราะจะล้างยาก,10,,2025-12-12T18:50:42.173919,5
P1,มือไม่แห้ง,Negative,Medium,เคยค่ะ บางสูตรของแบรนด์อื่นถ้าแรงไปจะรู้สึกมือแห้ง แต่ Sunlight สูตรมะนาวรู้สึกโอเค,12,,2025-12-12T18:50:42.173919,6
P1,มือไม่แห้ง,Positive,Medium,ล้างง่าย กลิ่นหอมแบบธรรมชาติ มือไม่แห้ง แล้วก็มีดีไซน์ขวดที่เรียบๆ สวยวางในห้องครัวแล้วดูสะอาดตา,30,,2025-12-12T18:50:42.173919,6
P1,แพ็กเกจ,Neutral,High,กลิ่นก่อนเลยค่ะ แล้วก็ดูว่าขวดขนาดกลางหรือเล็ก พกง่าย เก็บง่าย เพราะพื้นที่ซิงค์เล็ก,14,,2025-12-12T18:50:42.173919,9
P1,แพ็กเกจ,Mixed,High,อยากให้ขวดแบบหัวปั๊มมีขายในไซซ์กลางๆ มากกว่านี้ เพราะพกง่ายดี ไม่ชอบต้องเทจากขวดใหญ่,28,,2025-12-12T18:50:42.173919,9
P1,แพ็กเกจ,Positive,High,ล้างง่าย กลิ่นหอมแบบธรรมชาติ มือไม่แห้ง แล้วก็มีดีไซน์ขวดที่เรียบๆ สวยวางในห้องครัวแล้วดูสะอาดตา,30,,2025-12-12T18:50:42.173919,9
P1,แพ็กเกจ,Negative,High,อยากให้เน้นเรื่องกลิ่นและแพ็กเกจจิ้งให้เหมาะกับคนอยู่คอนโด เพราะกลุ่มนี้มีเยอะขึ้นค่ะ,34,,2025-12-12T18:50:42.173919,9
P1,คุ้มค่า,Neutral,Medium,ใช้ได้นาน ล้างออกง่าย และไม่ต้องใช้น้ำเยอะ ถ้าใช้แล้วไม่ต้องบีบเยอะถือว่าคุ้มค่ะ,24,,2025-12-12T18:50:42.173919,3
P2,ขจัดคราบมัน,Positive,Medium,ใช้มาตั้งแต่สมัยแม่เลยค่ะ LiponF รู้สึกว่าล้างมันออกดี ส่วน Sunlight ก็มีสูตรที่เขียนว่า gentle เหมือนปลอดภัยกว่า,4,,2025-12-12T18:50:42.174478,2
P2,ปลอดภัย,Positive,High,ใช้มาตั้งแต่สมัยแม่เลยค่ะ LiponF รู้สึกว่าล้างมันออกดี ส่วน Sunlight ก็มีสูตรที่เขียนว่า gentle เหมือนปลอดภัยกว่า,4,,2025-12-12T18:50:42.174478,4
P2,ปลอดภัย,Mixed,High,เคยค่ะ แต่บางตัวล้างแล้วจานยังลื่น หรือกลิ่นติดแรงมาก ไม่มั่นใจเลยว่าจะปลอดภัยกับลูกหรือเปล่า,8,,2025-12-12T18:50:42.174478,4
P2,ปลอดภัย,Neutral,High,ดูคำว่า “อ่อนโยน” หรือ “ไม่มีสารตกค้าง” ก่อนเลย แล้วถึงจะดูราคา,10,,2025-12-12T18:50:42.174478,4
P2,ปลอดภัย,Positive,High,ขอแบบอ่อนโยนดีกว่าค่ะ เพราะกลัวเรื่องสารตกค้าง ถึงจะต้องล้างสองรอบก็ไม่เป็นไร,12,,2025-12-12T18:50:42.174478,4
P2,ปลอดภัย,Negative,High,มีค่ะ กลิ่นแรงเกินจะรู้สึกว่าไม่ปลอดภัย โดยเฉพาะเวลาล้างขวดนมเด็ก,16,,2025-12-12T18:50:42.174478,4
P2,ปลอดภัย,Negative,High,แนะนำ Sunlight สูตรธรรมชาติค่ะ เพราะล้างออกง่าย กลิ่นไม่แรง รู้สึกปลอดภัยกว่า,26,,2025-12-12T18:50:42.174478,4
P2,มือไม่แห้ง,Mixed,Medium,มือไม่แห้งกับกลิ่นค่ะ เพราะล้างทุกวัน วันละหลายรอบ แล้วก็ไม่อยากให้มีกลิ่นติดจาน ลูกชอบเอามือเข้าปาก,6,,2025-12-12T18:50:42.174478,6
P2,มือไม่แห้ง,Mixed,Medium,LiponF ให้ 8 เพราะล้างดีแต่กลิ่นแรงไปนิด ส่วน Sunlight ให้ 9 เพราะกลิ่นหอม ล้างง่าย มือไม่แห้ง,24,,2025-12-12T18:50:42.174478,6
P2,ราคา,Neutral,Medium,ดูคำว่า “อ่อนโยน” หรือ “ไม่มีสารตกค้าง” ก่อนเลย แล้วถึงจะดูราคา,10,,2025-12-12T18:50:42.174478,7
P2,แพ็กเกจ,Negative,Medium,มีค่ะ กลิ่นแรงเกินจะรู้สึกว่าไม่ปลอดภัย โดยเฉพาะเวลาล้างขวดนมเด็ก,16,,2025-12-12T18:50:42.174478,9
P2,แพ็กเกจ,Positive,Medium,สนใจมากเลยค่ะ เพราะจะได้ไม่ต้องมีสองขวด ใช้ขวดเดียวล้างได้ทั้งของผู้ใหญ่กับของลูก,20,,2025-12-12T18:50:42.174478,9
P2,ฟอง,Mixed,Medium,ถ้ามีฟองนิดๆ จะรู้สึกว่าสะอาด แต่ถ้าฟองเยอะเกินไปจะไม่ชอบ เพราะต้องล้างน้ำนาน,18,,2025-12-12T18:50:42.174478,5
P2,กลิ่นหอม,Mixed,Medium,LiponF ให้ 8 เพราะล้างดีแต่กลิ่นแรงไปนิด ส่วน Sunlight ให้ 9 เพราะกลิ่นหอม ล้างง่าย มือไม่แห้ง,24,,2025-12-12T18:50:42.174478,1
P2,ล้างออกง่าย,Mixed,Medium,LiponF ให้ 8 เพราะล้างดีแต่กลิ่นแรงไปนิด ส่วน Sunlight ให้ 9 เพราะกลิ่นหอม ล้างง่าย มือไม่แห้ง,24,,2025-12-12T18:50:42.174478,8
P2,ล้างออกง่าย,Negative,Medium,แนะนำ Sunlight สูตรธรรมชาติค่ะ เพราะล้างออกง่าย กลิ่นไม่แรง รู้สึกปลอดภัยกว่า,26,,2025-12-12T18:50:42.174478,8
P3,ขจัดคราบมัน,Neutral,High,ผมดูเรื่อง “คุ้มค่า” ก่อนเลยครับ หมายถึงใช้แล้วล้างได้หลายรอบ ไม่ต้องบีบเยอะ แล้วก็ต้องล้างคราบมันได้จริง,6,,2025-12-12T18:50:42.175493,2
P3,ขจัดคราบมัน,Positive,High,ต่างครับ Sunlight กลิ่นหอมกว่า ล้างออกง่ายกว่า แต่ LiponF รู้สึกว่าล้างมันออกสะอาดกว่า โดยเฉพาะตอนล้างกระทะ,8,,2025-12-12T18:50:42.175493,2
P3,ขจัดคราบมัน,Positive,High,ผมเลือกแบบล้างมันดีดีกว่า เพราะสุดท้ายถ้ามันยังมันอยู่ต้องล้างใหม่อีกรอบ เสียเวลา,10,,2025-12-12T18:50:42.175493,2
P3,ขจัดคราบมัน,Positive,High,Sunlight จะจำเรื่องเลมอน เรื่องความหอม ส่วน LiponF จะเป็นเรื่อง “ล้างคราบมันหมดจด” เหมือนภาพที่เทน้ำแล้วคราบหลุดเลย,22,,2025-12-12T18:50:42.175493,2
P3,ขจัดคราบมัน,Positive,High,LiponF ครับ ใช้น้อย ล้างมันดี แล้วขวดใหญ่ราคาถูกกว่าแบรนด์อื่น,32,,2025-12-12T18:50:42.175493,2
P3,คุ้มค่า,Neutral,Medium,ผมดูเรื่อง “คุ้มค่า” ก่อนเลยครับ หมายถึงใช้แล้วล้างได้หลายรอบ ไม่ต้องบีบเยอะ แล้วก็ต้องล้างคราบมันได้จริง,6,,2025-12-12T18:50:42.175493,3
P3,คุ้มค่า,Positive,Medium,เลือกครับ ของใช้แบบนี้ไม่เน้นแพ็กเกจ ขอแค่ล้างดีและคุ้มพอ,26,,2025-12-12T18:50:42.175493,3
P3,กลิ่นหอม,Positive,Medium,ต่างครับ Sunlight กลิ่นหอมกว่า ล้างออกง่ายกว่า แต่ LiponF รู้สึกว่าล้างมันออกสะอาดกว่า โดยเฉพาะตอนล้างกระทะ,8,,2025-12-12T18:50:42.175493,1
P3,ล้างออกง่าย,Positive,Medium,ต่างครับ Sunlight กลิ่นหอมกว่า ล้างออกง่ายกว่า แต่ LiponF รู้สึกว่าล้างมันออกสะอาดกว่า โดยเฉพาะตอนล้างกระทะ,8,,2025-12-12T18:50:42.175493,8
P3,ล้างออกง่าย,Negative,Medium,อยากให้เข้มข้นแต่ล้างออกง่าย กลิ่นอ่อนๆ ไม่ต้องแรงมาก แล้วก็มีหัวปั๊ม จะได้ใช้สะดวกเวลามือเปียก,30,,2025-12-12T18:50:42.175493,8
P3,ฟอง,Positive,Medium,ผมชอบฟองเยอะพอดีครับ ฟองเยอะไปก็เปลืองน้ำ ฟองน้อยไปก็ไม่รู้สึกว่าสะอาด,12,,2025-12-12T18:50:42.175493,5
P3,มือไม่แห้ง,Neutral,Medium,ไม่ค่อยครับ มือผู้ชายน่าจะทนกว่า ฮ่าๆ ภรรยาเคยบ่นเรื่องมือแห้ง แต่ผมไม่รู้สึก,14,,2025-12-12T18:50:42.175493,6
P3,ราคา,Mixed,High,สนใจครับ แต่ต้องดูราคาด้วย ถ้าแพงกว่ามากคงไม่เปลี่ยน เพราะของเดิมก็ใช้ได้ดีอยู่แล้ว,16,,2025-12-12T18:50:42.175493,7
P3,ราคา,Neutral,High,ซื้อจากห้าง Makro ครับ ยกลังไว้เลย เพราะถูกกว่าเยอะ,24,,2025-12-12T18:50:42.175493,7
P3,ราคา,Positive,High,LiponF ครับ ใช้น้อย ล้างมันดี แล้วขวดใหญ่ราคาถูกกว่าแบรนด์อื่น,32,,2025-12-12T18:50:42.175493,7
P3,แพ็กเกจ,Positive,Medium,เลือกครับ ของใช้แบบนี้ไม่เน้นแพ็กเกจ ขอแค่ล้างดีและคุ้มพอ,26,,2025-12-12T18:50:42.175493,9
P3,แพ็กเกจ,Positive,Medium,LiponF ครับ ใช้น้อย ล้างมันดี แล้วขวดใหญ่ราคาถูกกว่าแบรนด์อื่น,32,,2025-12-12T18:50:42.175493,9
P4,กลิ่นหอม,Positive,High,ก็รู้จักมาตั้งแต่เด็กอะค่ะ เห็นแม่ใช้ แล้วกลิ่นมันหอมดี ล้างแล้วรู้สึกสะอาด ฟองไม่เยอะเกินไป,4,,2025-12-12T18:50:42.176496,1
P4,กลิ่นหอม,Positive,High,กลิ่นหอมค่ะ (หัวเราะ) เพราะส่วนใหญ่ที่ล้างก็พวกชามแก้ว ช้อนส้อม ไม่มันขนาดนั้น,12,,2025-12-12T18:50:42.176496,1
P4,กลิ่นหอม,Positive,High,กลิ่นหอมอ่อน ๆ ใช้แล้วมือไม่แห้ง ขวดสวย และราคานักศึกษาซื้อได้ (หัวเราะ),24,,2025-12-12T18:50:42.176496,1
P4,ฟอง,Positive,High,ก็รู้จักมาตั้งแต่เด็กอะค่ะ เห็นแม่ใช้ แล้วกลิ่นมันหอมดี ล้างแล้วรู้สึกสะอาด ฟองไม่เยอะเกินไป,4,,2025-12-12T18:50:42.176496,5
P4,ฟอง,Negative,High,เคยลอง LiponF อยู่ช่วงนึงค่ะ แต่รู้สึกว่ากลิ่นแรงกว่า Sunlight นิดนึง แล้วฟองเยอะกว่าด้วย ต้องล้างน้ำนานกว่า,6,,2025-12-12T18:50:42.176496,5
P4,ฟอง,Neutral,High,หมายถึงไม่ต้องล้างน้ำนาน ฟองหมดไว แล้วจานไม่ลื่น ๆ หลังล้าง,22,,2025-12-12T18:50:42.176496,5
P4,ราคา,Mixed,High,ราคากับขนาดขวดค่ะ เพราะอยู่หอ พื้นที่มันเล็ก ถ้าขวดใหญ่เกินก็วางลำบาก แล้วก็ชอบแบบหัวปั๊ม เพราะใช้สะดวก,8,,2025-12-12T18:50:42.176496,7
P4,ราคา,Neutral,High,ออนไลน์จะถูกกว่าเยอะเลยค่ะ ซื้อพวกแพ็กรีฟิลมาแบ่งกันใช้กับเพื่อนในห้อง,10,,2025-12-12T18:50:42.176496,7
P4,ราคา,Mixed,High,สนใจนะคะ ถ้าไม่แพงมาก อยากลองเพราะรู้สึกดีกับสิ่งแวดล้อมด้วย แต่ราคาต้องไม่ต่างเยอะ,20,,2025-12-12T18:50:42.176496,7
P4,ราคา,Positive,High,กลิ่นหอมอ่อน ๆ ใช้แล้วมือไม่แห้ง ขวดสวย และราคานักศึกษาซื้อได้ (หัวเราะ),24,,2025-12-12T18:50:42.176496,7
P4,ราคา,Positive,High,บอกว่า Sunlight ขวดเล็กแบบหัวปั๊ม เพราะใช้สะดวกสุด ล้างง่าย กลิ่นดี ราคาน่ารัก,30,,2025-12-12T18:50:42.176496,7
P4,แพ็กเกจ,Mixed,High,ราคากับขนาดขวดค่ะ เพราะอยู่หอ พื้นที่มันเล็ก ถ้าขวดใหญ่เกินก็วางลำบาก แล้วก็ชอบแบบหัวปั๊ม เพราะใช้สะดวก,8,,2025-12-12T18:50:42.176496,9
P4,แพ็กเกจ,Neutral,High,ออนไลน์จะถูกกว่าเยอะเลยค่ะ ซื้อพวกแพ็กรีฟิลมาแบ่งกันใช้กับเพื่อนในห้อง,10,,2025-12-12T18:50:42.176496,9
P4,แพ็กเกจ,Positive,High,กลิ่นหอมอ่อน ๆ ใช้แล้วมือไม่แห้ง ขวดสวย และราคานักศึกษาซื้อได้ (หัวเราะ),24,,2025-12-12T18:50:42.176496,9
P4,แพ็กเกจ,Positive,High,บอกว่า Sunlight ขวดเล็กแบบหัวปั๊ม เพราะใช้สะดวกสุด ล้างง่าย กลิ่นดี ราคาน่ารัก,30,,2025-12-12T18:50:42.176496,9
P4,มือไม่แห้ง,Neutral,Medium,สีเหลือง สดใส กลิ่นเลมอน แล้วก็แบบล้างง่าย มือไม่แห้ง,18,,2025-12-12T18:50:42.176496,6
P4,มือไม่แห้ง,Positive,Medium,กลิ่นหอมอ่อน ๆ ใช้แล้วมือไม่แห้ง ขวดสวย และราคานักศึกษาซื้อได้ (หัวเราะ),24,,2025-12-12T18:50:42.176496,6
P4,ล้างออกง่าย,Neutral,Medium,สีเหลือง สดใส กลิ่นเลมอน แล้วก็แบบล้างง่าย มือไม่แห้ง,18,,2025-12-12T18:50:42.176496,8
P4,ล้างออกง่าย,Positive,Medium,บอกว่า Sunlight ขวดเล็กแบบหัวปั๊ม เพราะใช้สะดวกสุด ล้างง่าย กลิ่นดี ราคาน่ารัก,30,,2025-12-12T18:50:42.176496,8
P5,ปลอดภัย,Neutral,Medium,เพราะรู้สึกว่าส่วนผสมของแบรนด์ใหญ่ยังเคมีเยอะ แล้วฉันพยายามลดการใช้ของที่มีสารตกค้างหรือทำลายสิ่งแวดล้อมค่ะ,4,,2025-12-12T18:50:42.176496,4
P5,ปลอดภัย,Neutral,Medium,เพราะมันคือของที่เราใช้ทุกวัน ถ้ามีสารตกค้างลงท่อทุกวันก็สะสมในน้ำ ในดิน ถ้าเราเลือกของที่ย่อยสลายได้ มันช่วยมากในภาพรวมค่ะ,26,,2025-12-12T18:50:42.176496,4
P5,แพ็กเกจ,Neutral,High,ดู ingredient ก่อนเลยค่ะ ถ้าไม่มี SLS ไม่มี paraben ถึงจะสนใจ แล้วก็ต้องดูเรื่อง packaging ด้วยว่าขวดรีไซเคิลได้ไหม,6,,2025-12-12T18:50:42.176496,9
P5,แพ็กเกจ,Neutral,High,ขาดความจริงใจเรื่อง sustainability ค่ะ เหมือนเขาพูดว่า eco แต่ยังใช้ขวดพลาสติกเดิม ๆ ไม่มี refill station จริงจัง,12,,2025-12-12T18:50:42.176496,9
P5,แพ็กเกจ,Negative,High,อยากให้ทำระบบ refill หรือให้ขวดคืนได้ในร้านสะดวกซื้อ เหมือนในต่างประเทศ แล้วก็อยากให้เปิดเผยส่วนผสมชัดเจนกว่านี้,24,,2025-12-12T18:50:42.176496,9
P5,ขจัดคราบมัน,Mixed,Medium,ยอมรับว่าล้างมันยากกว่านิดนึง ต้องบีบเยอะกว่า แต่ก็ยอม เพราะรู้สึกดีกว่าที่ไม่ใช้สารแรง ๆ,10,,2025-12-12T18:50:42.176496,2
P5,ราคา,Mixed,Medium,มีบ้าง แต่ถ้าของดีจริง ฉันยอมจ่ายแพงขึ้นได้นิดหน่อย เพราะมันรู้สึกว่าเราช่วยโลกด้วย,20,,2025-12-12T18:50:42.176496,7
P6,คุ้มค่า,Positive,High,ใช้ปริมาณน้อยแต่ล้างได้เยอะ ล้างหม้อกระทะมัน ๆ ก็ออกดี มันประหยัดกว่า เวลาซื้อเป็นแกลลอน ราคาต่อจานต่ำกว่าพวกแบรนด์ทั่วไป,4,,2025-12-12T18:50:42.177493,3
P6,คุ้มค่า,Neutral,High,ราคาต่อปริมาณกับคุณภาพ คือต้องคุ้ม ถ้าเจอโปรซื้อยกลังเลย ร้านเราใช้หมดเร็ว,8,,2025-12-12T18:50:42.177493,3
P6,คุ้มค่า,Positive,High,LiponF ครับ เพราะใช้มานาน ไม่เคยมีปัญหา คุ้มทั้งราคาและความสะอาด,26,,2025-12-12T18:50:42.177493,3
P6,ราคา,Positive,High,ใช้ปริมาณน้อยแต่ล้างได้เยอะ ล้างหม้อกระทะมัน ๆ ก็ออกดี มันประหยัดกว่า เวลาซื้อเป็นแกลลอน ราคาต่อจานต่ำกว่าพวกแบรนด์ทั่วไป,4,,2025-12-12T18:50:42.177493,7
P6,ราคา,Negative,High,ลองครับ พวกแบรนด์โรงงาน ถูกกว่าอีกแต่กลิ่นแรงมาก ล้างเสร็จเหมือนยังมีกลิ่นเคมีติด เลยกลับมาใช้ LiponF เหมือนเดิม,6,,2025-12-12T18:50:42.177493,7
P6,ราคา,Neutral,High,ราคาต่อปริมาณกับคุณภาพ คือต้องคุ้ม ถ้าเจอโปรซื้อยกลังเลย ร้านเราใช้หมดเร็ว,8,,2025-12-12T18:50:42.177493,7
P6,ราคา,Positive,High,LiponF ครับ เพราะใช้มานาน ไม่เคยมีปัญหา คุ้มทั้งราคาและความสะอาด,26,,2025-12-12T18:50:42.177493,7
P6,แพ็กเกจ,Negative,Medium,อยากได้แบบหัวปั๊มหรือถังเติมได้ พนักงานไม่ต้องเทจากขวดใหญ่ให้หก เสียของ,10,,2025-12-12T18:50:42.177493,9
P6,แพ็กเกจ,Positive,Medium,ใช้แน่นอนครับ เพราะซื้อง่ายกว่า เก็บง่าย ลดขยะขวดพลาสติกด้วย ถ้ามีบริการส่งถึงร้านยิ่งดี,22,,2025-12-12T18:50:42.177493,9
P6,ขจัดคราบมัน,Neutral,Medium,พนักงานเคยบ่นครับ แต่ผมก็บอกให้ใส่ถุงมือ ส่วนตัวผมไม่ได้ซีเรียสเรื่องนี้เท่าไหร่ ขอให้ล้างมันออกเร็วเป็นพอ,12,,2025-12-12T18:50:42.177493,2
P6,กลิ่นหอม,Positive,Medium,LiponF เข้มข้นกว่า เหมาะกับร้าน Sunlight กลิ่นหอมแต่ดูเหมาะกับใช้ในบ้านมากกว่า,14,,2025-12-12T18:50:42.177493,1
P6,ฟอง,Mixed,Medium,มีครับ ถ้าฟองเยอะไปมันล้างออกยาก เปลืองน้ำอีก อยากให้ฟองกำลังดี ล้างสองรอบพอ,20,,2025-12-12T18:50:42.177493,5
P6,ปลอดภัย,Negative,Medium,อยากให้มีสูตรสำหรับร้านอาหารโดยเฉพาะ เข้มข้นกว่าแต่ปลอดภัยกับมือ แล้วก็อยากให้กลิ่นไม่แรงเกินไป,24,,2025-12-12T18:50:42.177493,4
P7,ขจัดคราบมัน,Positive,High,ความเงา ต้องไม่มีคราบมันหรือคราบน้ำเลยค่ะ โดยเฉพาะแก้วไวน์ ถ้ามีรอยนิดเดียว หัวหน้าก็ให้ล้างใหม่,4,,2025-12-12T18:50:42.177493,2
P7,ขจัดคราบมัน,Positive,High,ต่างค่ะ LiponF ล้างมันออกง่ายกว่า แต่ฟองเยอะกว่าหน่อย ต้องใช้น้ำเยอะเวลาแก้วเยอะๆ ส่วน Sunlight ล้างออกง่าย ฟองละเอียดดี แต่รู้สึกล้างมันหนักๆ จะไม่หมดเท่า LiponF,6,,2025-12-12T18:50:42.178504,2
P7,ขจัดคราบมัน,Mixed,High,ตอบโจทย์เรื่องล้างมันดี แต่ยังไม่ค่อยตอบโจทย์เรื่องล้างเร็วหรือฟอง เพราะต้องใช้น้ำเยอะ อยากให้มีสูตรที่ล้างไว ฟองหมดเร็วแต่ยังสะอาดเหมือนเดิม,14,,2025-12-12T18:50:42.178504,2
P7,ขจัดคราบมัน,Positive,High,แนะนำ LiponF ค่ะ เพราะล้างมันออกดีมาก แต่จะบอกให้เลือกสูตรที่ฟองน้อยหน่อย จะได้ล้างไว,24,,2025-12-12T18:50:42.178504,2
P7,ล้างออกง่าย,Positive,Medium,ต่างค่ะ LiponF ล้างมันออกง่ายกว่า แต่ฟองเยอะกว่าหน่อย ต้องใช้น้ำเยอะเวลาแก้วเยอะๆ ส่วน Sunlight ล้างออกง่าย ฟองละเอียดดี แต่รู้สึกล้างมันหนักๆ จะไม่หมดเท่า LiponF,6,,2025-12-12T18:50:42.178504,8
P7,ล้างออกง่าย,Mixed,Medium,อยากได้แบบเข้มข้นแต่ล้างออกง่าย ฟองน้อย กลิ่นอ่อน และล้างแล้วแก้วใสเงาเลย จะดีมาก,22,,2025-12-12T18:50:42.178504,8
P7,ฟอง,Positive,High,ต่างค่ะ LiponF ล้างมันออกง่ายกว่า แต่ฟองเยอะกว่าหน่อย ต้องใช้น้ำเยอะเวลาแก้วเยอะๆ ส่วน Sunlight ล้างออกง่าย ฟองละเอียดดี แต่รู้สึกล้างมันหนักๆ จะไม่หมดเท่า LiponF,6,,2025-12-12T18:50:42.178504,5
P7,ฟอง,Mixed,High,ตอบโจทย์เรื่องล้างมันดี แต่ยังไม่ค่อยตอบโจทย์เรื่องล้างเร็วหรือฟอง เพราะต้องใช้น้ำเยอะ อยากให้มีสูตรที่ล้างไว ฟองหมดเร็วแต่ยังสะอาดเหมือนเดิม,14,,2025-12-12T18:50:42.178504,5
P7,ฟอง,Neutral,High,ดูเหมือนของมืออาชีพ ใช้ในร้านอาหาร โรงแรม เชื่อถือได้ แต่กลิ่นกับฟองยังเยอะไปหน่อย,20,,2025-12-12T18:50:42.178504,5
P7,ฟอง,Mixed,High,อยากได้แบบเข้มข้นแต่ล้างออกง่าย ฟองน้อย กลิ่นอ่อน และล้างแล้วแก้วใสเงาเลย จะดีมาก,22,,2025-12-12T18:50:42.178504,5
P7,ฟอง,Positive,High,แนะนำ LiponF ค่ะ เพราะล้างมันออกดีมาก แต่จะบอกให้เลือกสูตรที่ฟองน้อยหน่อย จะได้ล้างไว,24,,2025-12-12T18:50:42.178504,5
P8,ขจัดคราบมัน,Positive,Medium,มันล้างดี คราบมันออกหมด แล้วกลิ่นมันสะอาดดี รู้สึกว่าจานไม่ลื่น ไม่มีกลิ่นตกค้างเลย เหมือนของสมัยก่อนที่ใช้แล้วมั่นใจ,4,,2025-12-12T18:50:42.178504,2
P8,ขจัดคราบมัน,Mixed,Medium,กลิ่นค่ะ อยากให้หอมสะอาด เวลาเก็บจานในตู้แล้วไม่มีกลิ่น กับต้องล้างคราบมันได้ดี โดยไม่ต้องขัดเยอะ,8,,2025-12-12T18:50:42.178504,2
P8,กลิ่นหอม,Mixed,High,Sunlight กลิ่นหอมสดชื่นดีนะ แต่บางทีแรงไปนิด มือจะตึงๆ แต่กลิ่นเลมอนมันชื่นใจ เวลาใช้ตอนเช้าเหมือนบ้านสะอาดขึ้นเลย,6,,2025-12-12T18:50:42.178504,1
P8,กลิ่นหอม,Mixed,High,กลิ่นค่ะ อยากให้หอมสะอาด เวลาเก็บจานในตู้แล้วไม่มีกลิ่น กับต้องล้างคราบมันได้ดี โดยไม่ต้องขัดเยอะ,8,,2025-12-12T18:50:42.178504,1
P8,กลิ่นหอม,Positive,High,LiponF คือของคนไทย ใช้มาตั้งแต่รุ่นแม่ รู้สึกไว้ใจได้ Sunlight ดูสมัยใหม่ กลิ่นหอม แต่เหมาะกับคนรุ่นใหม่มากกว่า,14,,2025-12-12T18:50:42.178504,1
P8,กลิ่นหอม,Mixed,High,สนใจเลยลูก เพราะแม่ชอบล้างเองทุกวัน อยากให้มือนุ่มๆ ไม่แห้ง ถ้ามีกลิ่นหอมอ่อนๆ แบบดอกไม้จะดีมาก,16,,2025-12-12T18:50:42.178504,1
P8,กลิ่นหอม,Positive,High,ก็คง LiponF เพราะใช้มานาน มั่นใจ แต่ถ้าให้พูดถึงกลิ่นหอม ก็ต้อง Sunlight เขาเก่งเรื่องกลิ่นจริงๆ,22,,2025-12-12T18:50:42.178504,1
P8,มือไม่แห้ง,Mixed,Medium,ส่วนมากดูยี่ห้อกับกลิ่น แม่ไม่ค่อยดูราคาเท่าไหร่ เพราะใช้ขวดหนึ่งนานหลายอาทิตย์ อยากได้ที่มั่นใจว่าล้างสะอาด ไม่ทำให้มือแห้ง,12,,2025-12-12T18:50:42.178504,6
P8,มือไม่แห้ง,Mixed,Medium,สนใจเลยลูก เพราะแม่ชอบล้างเองทุกวัน อยากให้มือนุ่มๆ ไม่แห้ง ถ้ามีกลิ่นหอมอ่อนๆ แบบดอกไม้จะดีมาก,16,,2025-12-12T18:50:42.178504,6
P8,ราคา,Mixed,Medium,ส่วนมากดูยี่ห้อกับกลิ่น แม่ไม่ค่อยดูราคาเท่าไหร่ เพราะใช้ขวดหนึ่งนานหลายอาทิตย์ อยากได้ที่มั่นใจว่าล้างสะอาด ไม่ทำให้มือแห้ง,12,,2025-12-12T18:50:42.178504,7
P8,แพ็กเกจ,Mixed,Medium,ส่วนมากดูยี่ห้อกับกลิ่น แม่ไม่ค่อยดูราคาเท่าไหร่ เพราะใช้ขวดหนึ่งนานหลายอาทิตย์ อยากได้ที่มั่นใจว่าล้างสะอาด ไม่ทำให้มือแห้ง,12,,2025-12-12T18:50:42.178504,9
P8,ฟอง,Mixed,Medium,ไม่ชอบฟองเยอะ เพราะต้องใช้น้ำเยอะล้างออก อยากให้มีฟองพอดี ล้างแล้วจานใสสะอาด จบในรอบเดียว,18,,2025-12-12T18:50:42.178504,5
P9,แพ็กเกจ,Positive,High,ใช้ Sunlight ครับ ส่วนใหญ่เพราะหาซื้อง่าย แล้วแพ็กเกจดูสะอาดตา ดี เวลาเอาไว้ข้างซิงค์มันไม่รกสายตา,2,,2025-12-12T18:50:42.179502,9
P9,แพ็กเกจ,Mixed,High,เคยลอง LiponF อยู่ช่วงนึง แต่รู้สึกกลิ่นแรง แล้วขวดดีไซน์มันบ้าน ๆ ไปหน่อย ไม่เข้ากับห้องครัวผม (หัวเราะ),4,,2025-12-12T18:50:42.179502,9
P9,แพ็กเกจ,Positive,High,กลิ่น กับ ดีไซน์ขวดครับ ผมอยู่คอนโด เลยมองของใช้เป็นเหมือนของตกแต่งด้วย ต้องดูเรียบ ๆ สะอาด ๆ ใช้แล้วไม่รู้สึกเหนอะ,6,,2025-12-12T18:50:42.179502,9
P9,แพ็กเกจ,Mixed,High,สนใจครับ ผมชอบของแนว clean design อยู่แล้ว ถ้าขวดสวย วางไว้แล้วดูดี ผมยอมจ่ายแพงกว่านิดนึง,16,,2025-12-12T18:50:42.179502,9
P9,แพ็กเกจ,Positive,High,Sunlight ดูเป็น modern brand ของคนรุ่นใหม่ กลิ่นดี ขวดดูสะอาด ส่วน LiponF เป็นแนว practical ใช้ล้างดีแต่ไม่สวย (หัวเราะ),18,,2025-12-12T18:50:42.179502,9
P9,แพ็กเกจ,Mixed,High,อยากให้มันดูเหมือนของใช้ในห้องน้ำ คือสะอาด กลิ่นดี ไม่แรง ดีไซน์ขวดสวย และไม่กินพื้นที่เยอะ,22,,2025-12-12T18:50:42.179502,9
P9,ขจัดคราบมัน,Positive,Medium,Sunlight ล้างดีอยู่แล้ว ผมไม่ได้ทำอาหารมันมาก ส่วนใหญ่พวกจานชามกาแฟ กับหม้อหุงข้าว ล้างง่าย แต่ถ้าวันไหนทอดไข่หรือผัดอะไร LiponF จะล้างมันกว่า,8,,2025-12-12T18:50:42.179502,2
P9,ล้างออกง่าย,Positive,High,Sunlight ล้างดีอยู่แล้ว ผมไม่ได้ทำอาหารมันมาก ส่วนใหญ่พวกจานชามกาแฟ กับหม้อหุงข้าว ล้างง่าย แต่ถ้าวันไหนทอดไข่หรือผัดอะไร LiponF จะล้างมันกว่า,8,,2025-12-12T18:50:42.179502,8
P9,ล้างออกง่าย,Mixed,High,มีบ้างครับ แต่ผมไม่ซีเรียส แค่ไม่อยากให้รู้สึกตึงมือเกินไป ถ้ามีกลิ่นดี กับ ล้างออกง่าย ถือว่าโอเค,14,,2025-12-12T18:50:42.179502,8
P9,ล้างออกง่าย,Positive,High,Sunlight ครับ เพราะใช้สบาย กลิ่นดี ล้างออกง่าย แต่ถ้าวันไหนทำเมนูมัน ๆ ผมก็มี LiponF สำรองไว้ล้าง,24,,2025-12-12T18:50:42.179502,8
P9,ฟอง,Mixed,Medium,ใช่ครับ แต่ส่วนใหญ่ผมไม่ชอบให้ฟองเยอะ มันดูรก อยากให้ล้างแล้วจบไว ฟองหมดเร็ว,10,,2025-12-12T18:50:42.179502,5
P9,ราคา,Mixed,Medium,สนใจครับ ผมชอบของแนว clean design อยู่แล้ว ถ้าขวดสวย วางไว้แล้วดูดี ผมยอมจ่ายแพงกว่านิดนึง,16,,2025-12-12T18:50:42.179502,7
P10,กลิ่นหอม,Positive,High,ส่วนใหญ่ใช้ Sunlight ครับ บางทีภรรยาซื้อ LiponF มาบ้าง แต่ผมชอบ Sunlight กลิ่นหอม ลูกบอกว่าล้างแล้วมือไม่แห้ง,4,,2025-12-12T18:50:42.179502,1
P10,กลิ่นหอม,Mixed,High,กลิ่นมันหอมสดชื่น เวลาใช้ล้างด้วยกันแล้วบรรยากาศดี เหมือนห้องครัวสะอาดขึ้นเลย อีกอย่างฟองไม่เยอะเกินไป ล้างออกง่าย,6,,2025-12-12T18:50:42.179502,1
P10,กลิ่นหอม,Positive,High,บอกว่า Sunlight ครับ กลิ่นหอม ล้างง่าย มือไม่แห้ง เด็กๆ ก็ชอบ,22,,2025-12-12T18:50:42.179502,1
P10,มือไม่แห้ง,Positive,Medium,ส่วนใหญ่ใช้ Sunlight ครับ บางทีภรรยาซื้อ LiponF มาบ้าง แต่ผมชอบ Sunlight กลิ่นหอม ลูกบอกว่าล้างแล้วมือไม่แห้ง,4,,2025-12-12T18:50:42.179502,6
P10,มือไม่แห้ง,Positive,Medium,บอกว่า Sunlight ครับ กลิ่นหอม ล้างง่าย มือไม่แห้ง เด็กๆ ก็ชอบ,22,,2025-12-12T18:50:42.179502,6
P10,ล้างออกง่าย,Mixed,Medium,กลิ่นมันหอมสดชื่น เวลาใช้ล้างด้วยกันแล้วบรรยากาศดี เหมือนห้องครัวสะอาดขึ้นเลย อีกอย่างฟองไม่เยอะเกินไป ล้างออกง่าย,6,,2025-12-12T18:50:42.179502,8
P10,ล้างออกง่าย,Positive,Medium,บอกว่า Sunlight ครับ กลิ่นหอม ล้างง่าย มือไม่แห้ง เด็กๆ ก็ชอบ,22,,2025-12-12T18:50:42.179502,8
P10,ฟอง,Mixed,Medium,กลิ่นมันหอมสดชื่น เวลาใช้ล้างด้วยกันแล้วบรรยากาศดี เหมือนห้องครัวสะอาดขึ้นเลย อีกอย่างฟองไม่เยอะเกินไป ล้างออกง่าย,6,,2025-12-12T18:50:42.179502,5
P10,ขจัดคราบมัน,Mixed,Medium,LiponF เข้มข้นดี ล้างมันออกจริง แต่กลิ่นจะเข้ม ลูกไม่ค่อยชอบ บ่นว่าแรงไปหน่อย,8,,2025-12-12T18:50:42.179502,2
P10,ปลอดภัย,Neutral,Medium,กลิ่น ความปลอดภัย กับ โปร บางทีซื้อแบบ refill แพ็กใหญ่ เก็บไว้เลย เพราะล้างทุกวัน,14,,2025-12-12T18:50:42.179502,4
P10,ปลอดภัย,Negative,Medium,สนใจเลยครับ ถ้ามันจริง เพราะตอนนี้ลูกสาวคนเล็กเริ่มล้างได้ อยากให้เขาใช้ของที่ปลอดภัย,20,,2025-12-12T18:50:42.179502,4
P10,แพ็กเกจ,Neutral,Medium,กลิ่น ความปลอดภัย กับ โปร บางทีซื้อแบบ refill แพ็กใหญ่ เก็บไว้เลย เพราะล้างทุกวัน,14,,2025-12-12T18:50:42.179502,9
P11,ขจัดคราบมัน,Positive,Medium,ส่วนใหญ่ใช้ LiponF ครับ ซื้อแกลลอนใหญ่ที่ร้านของชำหน้าปากซอย ใช้ได้นาน ล้างมันดี,2,,2025-12-12T18:50:42.179502,2
P11,ขจัดคราบมัน,Positive,Medium,บอกว่า LiponF แน่นอนครับ ล้างมันดี คุ้มสุด ไม่ต้องใช้น้ำเยอะ,22,,2025-12-12T18:50:42.179502,2
P11,คุ้มค่า,Neutral,High,เพราะมันคุ้ม ขวดหนึ่งใช้ได้เป็นเดือน ล้างพวกจานมัน ๆ จากอาหารทอดได้หมด ไม่ต้องบีบเยอะ,4,,2025-12-12T18:50:42.179502,3
P11,คุ้มค่า,Positive,High,LiponF เหมือนของบ้านเรา ล้างดี คุ้ม ส่วน Sunlight ดูของคนเมือง หอมแต่ไม่คุ้มเท่า,20,,2025-12-12T18:50:42.179502,3
P11,คุ้มค่า,Positive,High,บอกว่า LiponF แน่นอนครับ ล้างมันดี คุ้มสุด ไม่ต้องใช้น้ำเยอะ,22,,2025-12-12T18:50:42.179502,3
P11,แพ็กเกจ,Neutral,Medium,เพราะมันคุ้ม ขวดหนึ่งใช้ได้เป็นเดือน ล้างพวกจานมัน ๆ จากอาหารทอดได้หมด ไม่ต้องบีบเยอะ,4,,2025-12-12T18:50:42.179502,9
P11,แพ็กเกจ,Mixed,Medium,ลองครับ แต่ต้องไม่แพง ถ้าขวดใหญ่ราคาดี ล้างดีเหมือน LiponF ก็พร้อมเปลี่ยน,18,,2025-12-12T18:50:42.179502,9
P11,ราคา,Mixed,High,เคยครับ Sunlight กลิ่นดีแต่ราคาสูงกว่า แล้วรู้สึกมันเบากว่า ต้องบีบเยอะกว่าจะสะอาด ส่วนพวกแบรนด์ทั่วไปกลิ่นแรง บางทีเหม็นเลย,6,,2025-12-12T18:50:42.179502,7
P11,ราคา,Neutral,High,ดูโปรก่อนเลยครับ ถ้ามีลดราคาจะซื้อยกลังเลย เพราะใช้ทุกวัน ร้านผัดไทยหน้าบ้านใช้น้ำยาล้างจานเยอะมาก,14,,2025-12-12T18:50:42.179502,7
P11,ราคา,Mixed,High,ลองครับ แต่ต้องไม่แพง ถ้าขวดใหญ่ราคาดี ล้างดีเหมือน LiponF ก็พร้อมเปลี่ยน,18,,2025-12-12T18:50:42.179502,7
P11,ฟอง,Mixed,Medium,ไม่ชอบฟองเยอะครับ เพราะมันล้างออกยาก ต้องใช้น้ำเยอะกว่า อยากให้ฟองน้อยแต่สะอาด,10,,2025-12-12T18:50:42.179502,5
P11,กลิ่นหอม,Mixed,Medium,กลิ่นสะอาดดี ไม่แรงเกิน บางที Sunlight หอมเกินไป เหมือนของหรู (หัวเราะ) แต่ผมชอบแบบกลิ่นกลาง ๆ มากกว่า,12,,2025-12-12T18:50:42.179502,1
P12,กลิ่นหอม,Positive,Medium,เพราะดูสะอาด กลิ่นหอม แล้วภาพลักษณ์แบรนด์มันดูเรียบร้อย เวลามีลูกค้ามาที่ออฟฟิศเห็นในครัวก็รู้สึกว่าเราใส่ใจรายละเอียดเล็ก ๆ แบบนี้,4,,2025-12-12T18:50:42.181084,1
P12,กลิ่นหอม,Mixed,Medium,เคยครับ LiponF ล้างมันดี แต่รู้สึกว่ากลิ่นแรง ดูเหมาะกับร้านอาหารมากกว่า ส่วน Sunlight มันหอมอ่อน ล้างแก้วกาแฟแล้วไม่มีกลิ่นตกค้าง,6,,2025-12-12T18:50:42.181084,1
P12,ขจัดคราบมัน,Mixed,Medium,เคยครับ LiponF ล้างมันดี แต่รู้สึกว่ากลิ่นแรง ดูเหมาะกับร้านอาหารมากกว่า ส่วน Sunlight มันหอมอ่อน ล้างแก้วกาแฟแล้วไม่มีกลิ่นตกค้าง,6,,2025-12-12T18:50:42.181084,2
P12,ล้างออกง่าย,Positive,Medium,ต้องล้างออกง่าย ไม่มีกลิ่นตกค้าง แล้วขวดต้องดูสะอาด ไม่เลอะเทอะ เพราะครัวอยู่ใกล้โซนประชุม,10,,2025-12-12T18:50:42.181084,8
P12,แพ็กเกจ,Positive,High,ต้องล้างออกง่าย ไม่มีกลิ่นตกค้าง แล้วขวดต้องดูสะอาด ไม่เลอะเทอะ เพราะครัวอยู่ใกล้โซนประชุม,10,,2025-12-12T18:50:42.181084,9
P12,แพ็กเกจ,Positive,High,ดูยี่ห้อ กลิ่น กับแพ็กเกจครับ ผมชอบพวกแบบหัวปั๊ม ดูเรียบร้อย สะดวกสำหรับพนักงาน,12,,2025-12-12T18:50:42.181084,9
P12,แพ็กเกจ,Mixed,High,สนใจเลยครับ อยากได้แบบกลิ่นสะอาด ฟองน้อย ขวดสวย ดูโปร เหมาะกับออฟฟิศมากกว่าครัวบ้าน,16,,2025-12-12T18:50:42.181084,9
P12,แพ็กเกจ,Mixed,High,Sunlight ครับ ใช้ได้ทุกที่ กลิ่นดี ไม่แรง ขวดสวย พนักงานชอบ,22,,2025-12-12T18:50:42.181084,9
P12,ฟอง,Neutral,Medium,บางทีพนักงานบ่นว่าฟองเยอะไป ล้างนาน ผมเลยให้เปลี่ยนเป็นสูตร Sunlight ฟองน้อย ช่วยประหยัดน้ำด้วย,14,,2025-12-12T18:50:42.181084,5
P12,ฟอง,Mixed,Medium,สนใจเลยครับ อยากได้แบบกลิ่นสะอาด ฟองน้อย ขวดสวย ดูโปร เหมาะกับออฟฟิศมากกว่าครัวบ้าน,16,,2025-12-12T18:50:42.181084,5
P12,คุ้มค่า,Neutral,Medium,บางทีพนักงานบ่นว่าฟองเยอะไป ล้างนาน ผมเลยให้เปลี่ยนเป็นสูตร Sunlight ฟองน้อย ช่วยประหยัดน้ำด้วย,14,,2025-12-12T18:50:42.181084,3
P13,แพ็กเกจ,Neutral,High,ตอนนี้ใช้ Sunlight ค่ะ แต่ไม่ใช่ทุกสูตรนะคะ ต้องเป็นขวดโทนสีขาว-เหลืองแบบเลมอนหรือสูตรธรรมชาติ เพราะเข้ากับบ้านค่ะ (หัวเราะ),2,,2025-12-12T18:50:42.181588,9
P13,แพ็กเกจ,Neutral,High,มีมากเลยค่ะ เพราะบ้านเราถ่ายคอนเทนต์ตลอด ถ้าวางขวดสีจัด ๆ มันจะโดดออกมาเกินไป บางทีต้องเทใส่ขวดหัวปั๊มที่เป็นโทนขาวเพื่อให้เข้ากับครัว,4,,2025-12-12T18:50:42.181588,9
P13,แพ็กเกจ,Positive,High,เคยค่ะ ตอนอยู่บ้านแม่ ใช้ดีมาก ล้างมันออกหมดเลย แต่กลิ่นกับแพ็กเกจมันไม่เข้ากับครัวเรา (หัวเราะ) มันดูอุตสาหกรรมไปหน่อย,8,,2025-12-12T18:50:42.181588,9
P13,แพ็กเกจ,Mixed,High,กลิ่นก่อนค่ะ อยากได้กลิ่นแบบธรรมชาติ สดชื่น ไม่เคมี แล้วก็ขวดต้องดูดี ถือถ่ายในคลิปแล้วไม่รู้สึกว่ากำลังโฆษณาแบรนด์ใดแบรนด์หนึ่งจ๋าเกินไป,10,,2025-12-12T18:50:42.181588,9
P13,แพ็กเกจ,Neutral,High,มากค่ะ ถ้ามีแบรนด์ที่กล้าทำขวดเรียบ ๆ สีขาว-เทา แล้วเน้นคำว่า natural หรือ sustainable จะน่าสนใจมาก โดยเฉพาะคนรุ่นใหม่ที่มองของใช้เป็นส่วนหนึ่งของบ้าน ไม่ใช่แค่ของใช้,12,,2025-12-12T18:50:42.181588,9
P13,แพ็กเกจ,Positive,High,สนใจค่ะ ตอนนี้เราเริ่มรีวิวของที่รีไซเคิลได้เยอะขึ้น ถ้าน้ำยาล้างจานทำจากส่วนผสมธรรมชาติ กลิ่นอ่อน ขวดรีฟิลได้ จะเป็นจุดขายที่ดีมาก,14,,2025-12-12T18:50:42.181588,9
P13,กลิ่นหอม,Positive,Medium,ใช้ดีค่ะ กลิ่นหอมสะอาด ฟองไม่เยอะ ล้างง่าย เหมาะกับคนที่ไม่ได้ทำอาหารมันมาก อย่างเราส่วนใหญ่ทำอาหารคลีน ๆ จานไม่ค่อยมัน,6,,2025-12-12T18:50:42.181588,1
P13,ล้างออกง่าย,Positive,Medium,ใช้ดีค่ะ กลิ่นหอมสะอาด ฟองไม่เยอะ ล้างง่าย เหมาะกับคนที่ไม่ได้ทำอาหารมันมาก อย่างเราส่วนใหญ่ทำอาหารคลีน ๆ จานไม่ค่อยมัน,6,,2025-12-12T18:50:42.181588,8
P13,ฟอง,Positive,Medium,ใช้ดีค่ะ กลิ่นหอมสะอาด ฟองไม่เยอะ ล้างง่าย เหมาะกับคนที่ไม่ได้ทำอาหารมันมาก อย่างเราส่วนใหญ่ทำอาหารคลีน ๆ จานไม่ค่อยมัน,6,,2025-12-12T18:50:42.181588,5
P13,ขจัดคราบมัน,Positive,Medium,เคยค่ะ ตอนอยู่บ้านแม่ ใช้ดีมาก ล้างมันออกหมดเลย แต่กลิ่นกับแพ็กเกจมันไม่เข้ากับครัวเรา (หัวเราะ) มันดูอุตสาหกรรมไปหน่อย,8,,2025-12-12T18:50:42.181588,2
P13,ขจัดคราบมัน,Positive,Medium,Sunlight จะพูดในเชิง lifestyle friendly ค่ะ “กลิ่นดี เข้ากับบ้าน” ส่วน LiponF จะพูดว่า “สูตรเข้มข้น ล้างมันออกดี” แต่จะไม่เน้นภาพ เพราะไม่เข้ากับ mood,16,,2025-12-12T18:50:42.181588,2
P14,ราคา,Negative,Medium,ที่นี่ส่วนใหญ่ใช้ Sunlight ครับ เพราะมันมีขายทั่วไป ในซูเปอร์มาร์เก็ต ทุกคนในหอรู้จัก และราคากลาง ๆ ไม่แพง,2,,2025-12-12T18:50:42.182647,7
P14,ราคา,Neutral,Medium,ราคากับกลิ่นครับ ขวดขนาดกลางจะสะดวกสุด เพราะห้องครัวเล็ก ถ้าขวดใหญ่ไปไม่มีที่วาง,16,,2025-12-12T18:50:42.182647,7
P14,ล้างออกง่าย,Negative,Medium,อยากให้ล้างออกง่าย เพราะน้ำที่นี่แรงดันสูง ฟองเยอะเกินจะเปลืองน้ำ เราเลยเลือกสูตรฟองน้อย,10,,2025-12-12T18:50:42.182647,8
P14,ฟอง,Negative,Medium,อยากให้ล้างออกง่าย เพราะน้ำที่นี่แรงดันสูง ฟองเยอะเกินจะเปลืองน้ำ เราเลยเลือกสูตรฟองน้อย,10,,2025-12-12T18:50:42.182647,5
P14,คุ้มค่า,Positive,Medium,ตอนอยู่ไทยเคยครับ เข้มข้นมาก ล้างหม้อทอดได้สบาย แต่ที่นี่ไม่เห็นขาย ถ้ามีคงใช้แน่เพราะคุ้มกว่า,12,,2025-12-12T18:50:42.182647,3
P14,กลิ่นหอม,Mixed,Medium,แบรนด์ท้องถิ่นบางตัวเน้นกลิ่นหอมแรงๆ แต่ Sunlight ดูสมดุลกว่า สะอาด หอมแบบธรรมชาติ เหมาะกับหอที่มีคนหลายเชื้อชาติ,14,,2025-12-12T18:50:42.182647,1
P14,แพ็กเกจ,Neutral,Medium,ราคากับกลิ่นครับ ขวดขนาดกลางจะสะดวกสุด เพราะห้องครัวเล็ก ถ้าขวดใหญ่ไปไม่มีที่วาง,16,,2025-12-12T18:50:42.182647,9
P14,แพ็กเกจ,Positive,Medium,สนใจครับ เพราะที่นี่เขาแยกขยะจริงจัง ถ้ามี refill หรือ ขวดรีไซเคิลได้จะรู้สึกดีมาก,22,,2025-12-12T18:50:42.182647,9
P15,มือไม่แห้ง,Neutral,High,ตอนนี้ใช้ Sunlight สูตรอ่อนโยนต่อมือค่ะ เคยลองหลายยี่ห้อแต่ส่วนใหญ่จะทำให้มือแห้ง แพ้ง่ายมาก,2,,2025-12-12T18:50:42.183160,6
P15,มือไม่แห้ง,Neutral,High,ดู ingredient ค่ะ ถ้ามีคำว่า SLS หรือ alcohol เยอะ ๆ จะเลี่ยงเลย แล้วก็ดูว่ามี vitamin E หรือ aloe vera มั้ย พวกนี้ช่วยให้มือไม่แห้ง,6,,2025-12-12T18:50:42.183160,6
P15,มือไม่แห้ง,Mixed,High,เคยค่ะ ล้างดีมาก แต่แรงไปนิด มือแห้งค่ะ ถ้าใช้ต้องใส่ถุงมือทุกครั้ง,8,,2025-12-12T18:50:42.183160,6
P15,กลิ่นหอม,Positive,Medium,Sunlight สูตรอ่อนโยนมันฟองไม่เยอะ ล้างง่าย ไม่รู้สึกคันหลังล้าง แล้วกลิ่นหอมสะอาดแบบธรรมชาติ รู้สึกสบายใจเวลาล้าง,10,,2025-12-12T18:50:42.183160,1
P15,ล้างออกง่าย,Positive,Medium,Sunlight สูตรอ่อนโยนมันฟองไม่เยอะ ล้างง่าย ไม่รู้สึกคันหลังล้าง แล้วกลิ่นหอมสะอาดแบบธรรมชาติ รู้สึกสบายใจเวลาล้าง,10,,2025-12-12T18:50:42.183160,8
P15,ฟอง,Positive,Medium,Sunlight สูตรอ่อนโยนมันฟองไม่เยอะ ล้างง่าย ไม่รู้สึกคันหลังล้าง แล้วกลิ่นหอมสะอาดแบบธรรมชาติ รู้สึกสบายใจเวลาล้าง,10,,2025-12-12T18:50:42.183160,5
P15,ฟอง,Mixed,Medium,ถ้าฟองเยอะเกินไปจะไม่ชอบ เพราะต้องใช้น้ำเยอะล้างออก บางทีฟองติดมือแล้วรู้สึกแสบ,16,,2025-12-12T18:50:42.183160,5
P15,แพ็กเกจ,Neutral,Medium,ลองแน่นอนเลยค่ะ ขอแค่อ่อนโยนจริง ไม่ใช่เขียนข้างขวดเฉย ๆ ถ้ามี dermatologist tested จะเชื่อถือมากขึ้น,18,,2025-12-12T18:50:42.183160,9
P15,ขจัดคราบมัน,Mixed,Medium,LiponF = เข้มข้น ล้างมันดี แต่แรง Sunlight = อ่อนโยน ใช้ง่าย เหมาะกับผู้หญิงทำงานแบบเรา,20,,2025-12-12T18:50:42.183160,2
P16,ปลอดภัย,Neutral,High,ตอนนี้ใช้ของ Sunlight สูตรออร์แกนิกค่ะ แต่ไม่ใช่สูตรปกติ เพราะต้องใช้ล้างขวดนมลูกด้วย ต้องแน่ใจว่าไม่เหลือสารตกค้าง,2,,2025-12-12T18:50:42.183670,4
P16,ปลอดภัย,Positive,High,เคยลองแบรนด์สำหรับเด็กโดยเฉพาะค่ะ แต่ราคาสูงมาก พอมาเจอ Sunlight สูตรธรรมชาติก็รู้สึกว่าเป็นจุดกลางที่ดี สะอาด แต่ยังปลอดภัย,6,,2025-12-12T18:50:42.183670,4
P16,ปลอดภัย,Positive,High,รู้สึกสะอาดดีค่ะ กลิ่นอ่อน ไม่เคมี พอล้างแล้วเอาไปต้มต่อ ไม่มีกลิ่นเหลือเลย มั่นใจว่าปลอดภัย,10,,2025-12-12T18:50:42.183670,4
P16,ปลอดภัย,Mixed,High,เคยตอนก่อนมีลูกค่ะ ล้างมันดีมาก แต่แรงไปสำหรับขวดนม รู้สึกกลัวสารตกค้างเลยเปลี่ยน,12,,2025-12-12T18:50:42.183670,4
P16,ปลอดภัย,Positive,High,ดูคำว่า “ปลอดภัยสำหรับเด็ก” หรือ “ผ่านการทดสอบแพทย์” ก่อนเลยค่ะ ถ้ามี certification เช่น Dermatologist หรือ Food Contact Safe ยิ่งมั่นใจ,14,,2025-12-12T18:50:42.183670,4
P16,ปลอดภัย,Positive,High,จะบอกว่า เพราะลูกเอาขวดนมเข้าปากทุกวัน สารตกค้างนิดเดียวก็ไม่คุ้มเลย ดีกว่าป้องกันไว้ก่อน,18,,2025-12-12T18:50:42.183670,4
P16,ปลอดภัย,Positive,High,บอกว่า Sunlight สูตรออร์แกนิกค่ะ เพราะใช้กับขวดนมได้ สะอาด ปลอดภัย ราคากลางๆ ไม่ต้องซื้อสองแบบ,20,,2025-12-12T18:50:42.183670,4
P16,แพ็กเกจ,Neutral,High,ตอนนี้ใช้ของ Sunlight สูตรออร์แกนิกค่ะ แต่ไม่ใช่สูตรปกติ เพราะต้องใช้ล้างขวดนมลูกด้วย ต้องแน่ใจว่าไม่เหลือสารตกค้าง,2,,2025-12-12T18:50:42.183670,9
P16,แพ็กเกจ,Neutral,High,เพราะก่อนคลอดก็หาข้อมูลเยอะ หลายคนบอกว่าน้ำยาล้างจานทั่วไปมีสารเคมีตกค้าง เลยเลือกสูตรที่เขียนว่า “ล้างขวดนมได้” หรือ “food-grade” ไว้ก่อนเลย,4,,2025-12-12T18:50:42.183670,9
P16,แพ็กเกจ,Mixed,High,เคยตอนก่อนมีลูกค่ะ ล้างมันดีมาก แต่แรงไปสำหรับขวดนม รู้สึกกลัวสารตกค้างเลยเปลี่ยน,12,,2025-12-12T18:50:42.183670,9
P16,แพ็กเกจ,Positive,High,สนใจแน่นอนค่ะ เพราะตอนนี้ยังต้องซื้อน้ำยาล้างขวดนมแยกจากน้ำยาล้างจาน ถ้ามีสูตรเดียวใช้ได้ทั้งสองจะสะดวกมาก,16,,2025-12-12T18:50:42.183670,9
P16,แพ็กเกจ,Positive,High,จะบอกว่า เพราะลูกเอาขวดนมเข้าปากทุกวัน สารตกค้างนิดเดียวก็ไม่คุ้มเลย ดีกว่าป้องกันไว้ก่อน,18,,2025-12-12T18:50:42.183670,9
P16,แพ็กเกจ,Positive,High,บอกว่า Sunlight สูตรออร์แกนิกค่ะ เพราะใช้กับขวดนมได้ สะอาด ปลอดภัย ราคากลางๆ ไม่ต้องซื้อสองแบบ,20,,2025-12-12T18:50:42.183670,9
P16,ราคา,Positive,Medium,เคยลองแบรนด์สำหรับเด็กโดยเฉพาะค่ะ แต่ราคาสูงมาก พอมาเจอ Sunlight สูตรธรรมชาติก็รู้สึกว่าเป็นจุดกลางที่ดี สะอาด แต่ยังปลอดภัย,6,,2025-12-12T18:50:42.183670,7
P16,ราคา,Positive,Medium,บอกว่า Sunlight สูตรออร์แกนิกค่ะ เพราะใช้กับขวดนมได้ สะอาด ปลอดภัย ราคากลางๆ ไม่ต้องซื้อสองแบบ,20,,2025-12-12T18:50:42.183670,7
P16,ล้างออกง่าย,Neutral,Medium,มากค่ะ ต้องแช่ก่อน ใช้แปรงเฉพาะ แล้วล้างซ้ำหลายรอบ น้ำยาต้องล้างออกง่าย ไม่เหลือฟองหรือกลิ่นเลย,8,,2025-12-12T18:50:42.183670,8
P16,ฟอง,Neutral,Medium,มากค่ะ ต้องแช่ก่อน ใช้แปรงเฉพาะ แล้วล้างซ้ำหลายรอบ น้ำยาต้องล้างออกง่าย ไม่เหลือฟองหรือกลิ่นเลย,8,,2025-12-12T18:50:42.183670,5
P16,ขจัดคราบมัน,Mixed,Medium,เคยตอนก่อนมีลูกค่ะ ล้างมันดีมาก แต่แรงไปสำหรับขวดนม รู้สึกกลัวสารตกค้างเลยเปลี่ยน,12,,2025-12-12T18:50:42.183670,2
P16,คุ้มค่า,Positive,Medium,จะบอกว่า เพราะลูกเอาขวดนมเข้าปากทุกวัน สารตกค้างนิดเดียวก็ไม่คุ้มเลย ดีกว่าป้องกันไว้ก่อน,18,,2025-12-12T18:50:42.183670,3
P17,คุ้มค่า,Neutral,High,ส่วนใหญ่ใช้ LiponF ค่ะ ซื้อแบบแกลลอนใหญ่ ใช้คุ้ม ล้างจานหม้อแก้วได้หมด ไม่ต้องบีบเยอะ,2,,2025-12-12T18:50:42.183670,3
P17,คุ้มค่า,Positive,High,LiponF = เข้มข้น ล้างมัน คุ้ม Sunlight = กลิ่นดี แต่เหมาะกับบ้านมากกว่า ไม่เหมาะกับงานเร่งๆ แบบคอนโด,20,,2025-12-12T18:50:42.183670,3
P17,คุ้มค่า,Positive,High,LiponF เลยค่ะ เพราะคุ้ม ล้างมันดี ล้างไว ฟองน้อย,22,,2025-12-12T18:50:42.183670,3
P17,กลิ่นหอม,Positive,Medium,เคยค่ะ กลิ่นหอมดีแต่เปลืองกว่า ต้องบีบเยอะ ถึงจะล้างมันออกหมด เลยกลับมาใช้ LiponF,6,,2025-12-12T18:50:42.183670,1
P17,ขจัดคราบมัน,Positive,High,เคยค่ะ กลิ่นหอมดีแต่เปลืองกว่า ต้องบีบเยอะ ถึงจะล้างมันออกหมด เลยกลับมาใช้ LiponF,6,,2025-12-12T18:50:42.183670,2
P17,ขจัดคราบมัน,Positive,High,LiponF = เข้มข้น ล้างมัน คุ้ม Sunlight = กลิ่นดี แต่เหมาะกับบ้านมากกว่า ไม่เหมาะกับงานเร่งๆ แบบคอนโด,20,,2025-12-12T18:50:42.183670,2
P17,ขจัดคราบมัน,Positive,High,LiponF เลยค่ะ เพราะคุ้ม ล้างมันดี ล้างไว ฟองน้อย,22,,2025-12-12T18:50:42.183670,2
P17,ฟอง,Neutral,High,ถ้าวันที่แขกเยอะ 5–6 ห้อง ก็ประมาณ 20–30 ชุดได้ค่ะ เลยต้องใช้น้ำยาที่ล้างไว ไม่เปลืองน้ำ ไม่ต้องรอฟองหาย,8,,2025-12-12T18:50:42.183670,5
P17,ฟอง,Mixed,High,มีค่ะ ถ้าฟองเยอะจะล้างออกยาก เสียเวลา บางทีต้องล้างแก้วไวน์หรือถ้วยกาแฟให้ใส ถ้ามีฟองเหลือจะดูไม่สะอาด,10,,2025-12-12T18:50:42.183670,5
P17,ฟอง,Positive,High,LiponF เลยค่ะ เพราะคุ้ม ล้างมันดี ล้างไว ฟองน้อย,22,,2025-12-12T18:50:42.183670,5
P18,ขจัดคราบมัน,Positive,High,มันล้างมันออกง่าย เข้มข้น ใช้แค่นิดเดียวก็สะอาด บางทีน้ำมันหมูติดแน่น ก็ยังออก,4,,2025-12-12T18:50:42.184677,2
P18,ขจัดคราบมัน,Neutral,High,มีค่ะ แต่ชินแล้ว เพราะล้างทุกวัน ใส่ถุงมือบ้างไม่ใส่บ้าง แต่ไม่ซีเรียส ขอให้ล้างมันออกเร็วก็พอ,14,,2025-12-12T18:50:42.184677,2
P18,ขจัดคราบมัน,Positive,High,LiponF คือของร้านค้า ของตลาด ล้างมันดี Sunlight คือของบ้าน กลิ่นหอมแต่เบา ไม่คุ้มสำหรับงานเรา,20,,2025-12-12T18:50:42.184677,2
P18,กลิ่นหอม,Positive,Medium,เคยค่ะ กลิ่นหอมดี แต่ต้องบีบเยอะ เลยเปลืองกว่า รู้สึกมันเหมาะกับบ้านมากกว่า ไม่เหมาะกับงานตลาดที่ต้องล้างของมันจัด,6,,2025-12-12T18:50:42.184677,1
P18,กลิ่นหอม,Positive,Medium,LiponF คือของร้านค้า ของตลาด ล้างมันดี Sunlight คือของบ้าน กลิ่นหอมแต่เบา ไม่คุ้มสำหรับงานเรา,20,,2025-12-12T18:50:42.184677,1
P18,ฟอง,Mixed,Medium,มีค่ะ ไม่ชอบฟองเยอะ เพราะต้องใช้น้ำเยอะล้างออก ตลาดน้ำไม่แรง ต้องประหยัดน้ำไว้,10,,2025-12-12T18:50:42.184677,5
P18,ฟอง,Neutral,Medium,LiponF แน่นอนค่ะ คุ้ม เข้มข้น ฟองน้อย ล้างไว เหมาะกับคนทำงานจริงๆ,22,,2025-12-12T18:50:42.184677,5
P18,คุ้มค่า,Mixed,High,มีค่ะ ไม่ชอบฟองเยอะ เพราะต้องใช้น้ำเยอะล้างออก ตลาดน้ำไม่แรง ต้องประหยัดน้ำไว้,10,,2025-12-12T18:50:42.184677,3
P18,คุ้มค่า,Neutral,High,ต้องคุ้ม ดูโปรลดราคาที่ Makro หรือ ร้านส่ง บางทีซื้อ 2 แกลลอนขึ้นไปได้ของแถม คือล้างทุกวัน ของหมดเร็วมาก,18,,2025-12-12T18:50:42.184677,3
P18,คุ้มค่า,Positive,High,LiponF คือของร้านค้า ของตลาด ล้างมันดี Sunlight คือของบ้าน กลิ่นหอมแต่เบา ไม่คุ้มสำหรับงานเรา,20,,2025-12-12T18:50:42.184677,3
P18,คุ้มค่า,Neutral,High,LiponF แน่นอนค่ะ คุ้ม เข้มข้น ฟองน้อย ล้างไว เหมาะกับคนทำงานจริงๆ,22,,2025-12-12T18:50:42.184677,3
P18,ราคา,Neutral,Medium,ต้องคุ้ม ดูโปรลดราคาที่ Makro หรือ ร้านส่ง บางทีซื้อ 2 แกลลอนขึ้นไปได้ของแถม คือล้างทุกวัน ของหมดเร็วมาก,18,,2025-12-12T18:50:42.184677,7
P19,กลิ่นหอม,Positive,Medium,ใช้ Sunlight ค่ะ แต่เป็นสูตร Natural Lemon หรือบางทีก็ใช้แบรนด์ญี่ปุ่นที่กลิ่นหอมอ่อน ๆ พวก Muji หรือแบรนด์ Organic จากซูเปอร์พรีเมียมค่ะ,2,,2025-12-12T18:50:42.184677,1
P19,กลิ่นหอม,Mixed,Medium,รู้สึกว่าเป็นแบรนด์ที่ไว้ใจได้ มีหลายสูตรให้เลือก กลิ่นหอมสะอาด แต่ยังอยากให้มีเวอร์ชันที่ดีไซน์เรียบหรูขึ้น เหมือนแบรนด์ญี่ปุ่นหรือเกาหลีที่เน้นแพ็กเกจสวย,10,,2025-12-12T18:50:42.184677,1
P19,ล้างออกง่าย,Mixed,Medium,เพราะกลิ่นต้องดี ขวดต้องดูสะอาดตา วางไว้ในครัวแล้วไม่ขัดกับบรรยากาศ ส่วนประสิทธิภาพก็ต้องล้างง่าย ไม่เหนียว ไม่เหลือกลิ่นบนจาน,4,,2025-12-12T18:50:42.184677,8
P19,แพ็กเกจ,Mixed,High,เพราะกลิ่นต้องดี ขวดต้องดูสะอาดตา วางไว้ในครัวแล้วไม่ขัดกับบรรยากาศ ส่วนประสิทธิภาพก็ต้องล้างง่าย ไม่เหนียว ไม่เหลือกลิ่นบนจาน,4,,2025-12-12T18:50:42.184677,9
P19,แพ็กเกจ,Mixed,High,เคยตอนอยู่บ้านที่ต่างจังหวัดค่ะ ล้างมันดีมาก แต่กลิ่นแรง แล้วขวดดูบ้าน ๆ ไปหน่อย ตอนนี้อยากได้ของที่เข้ากับครัวสไตล์มินิมอลของคอนโดมากกว่า,6,,2025-12-12T18:50:42.184677,9
P19,แพ็กเกจ,Positive,High,กลิ่นและดีไซน์ค่ะ จริง ๆ ถ้าล้างดีเหมือนกันแต่ขวดสวยกว่า ฉันเลือกขวดสวยก่อนเลย (หัวเราะ) เพราะในคอนโดเล็ก ๆ ทุกอย่างต้องดูเรียบร้อย,8,,2025-12-12T18:50:42.184677,9
P19,แพ็กเกจ,Mixed,High,รู้สึกว่าเป็นแบรนด์ที่ไว้ใจได้ มีหลายสูตรให้เลือก กลิ่นหอมสะอาด แต่ยังอยากให้มีเวอร์ชันที่ดีไซน์เรียบหรูขึ้น เหมือนแบรนด์ญี่ปุ่นหรือเกาหลีที่เน้นแพ็กเกจสวย,10,,2025-12-12T18:50:42.184677,9
P19,แพ็กเกจ,Positive,High,Sunlight สูตรธรรมชาติ หรือไม่ก็แนะนำให้เทใส่ขวดใสเรียบ ๆ ไปเลยค่ะ ดูเรียบสะอาด ใช้ไปก็รู้สึกดีขึ้นเยอะ,20,,2025-12-12T18:50:42.184677,9
P19,ขจัดคราบมัน,Mixed,Medium,เคยตอนอยู่บ้านที่ต่างจังหวัดค่ะ ล้างมันดีมาก แต่กลิ่นแรง แล้วขวดดูบ้าน ๆ ไปหน่อย ตอนนี้อยากได้ของที่เข้ากับครัวสไตล์มินิมอลของคอนโดมากกว่า,6,,2025-12-12T18:50:42.184677,2
P19,ฟอง,Mixed,Medium,ถ้าฟองเยอะเกินไปจะรู้สึกว่าล้างไม่สะอาด ต้องใช้น้ำเยอะ ล้างออกยาก ชอบสูตรที่ฟองพอดี ๆ ล้างจบในครั้งเดียว,14,,2025-12-12T18:50:42.184677,5
P20,คุ้มค่า,Positive,Medium,ล้างดี สะอาด คราบอาหารมัน ออกหมด โดยไม่ต้องขัดเยอะ เวลาเด็กกินของทอดเยอะๆ ล้างแป๊บเดียวก็สะอาด คุ้มกับปริมาณค่ะ,4,,2025-12-12T18:50:42.185675,3
P20,คุ้มค่า,Mixed,Medium,เคยค่ะ กลิ่นหอมดี แต่ฟองเยอะ ต้องใช้น้ำเยอะล้างออก ในโรงเรียนต้องประหยัดน้ำ แล้วแม่บ้านบางคนมือแพ้ง่าย บอกว่าแรงไปหน่อย,6,,2025-12-12T18:50:42.185675,3
P20,กลิ่นหอม,Mixed,Medium,เคยค่ะ กลิ่นหอมดี แต่ฟองเยอะ ต้องใช้น้ำเยอะล้างออก ในโรงเรียนต้องประหยัดน้ำ แล้วแม่บ้านบางคนมือแพ้ง่าย บอกว่าแรงไปหน่อย,6,,2025-12-12T18:50:42.185675,1
P20,ฟอง,Mixed,Medium,เคยค่ะ กลิ่นหอมดี แต่ฟองเยอะ ต้องใช้น้ำเยอะล้างออก ในโรงเรียนต้องประหยัดน้ำ แล้วแม่บ้านบางคนมือแพ้ง่าย บอกว่าแรงไปหน่อย,6,,2025-12-12T18:50:42.185675,5
P20,ขจัดคราบมัน,Positive,Medium,ต้องแน่ใจว่าสะอาด ไม่เหลือกลิ่นหรือคราบมัน เพราะเด็กบางคนแพ้ง่าย ต้องระวังสารตกค้าง เลยใช้น้ำเยอะหน่อยตอนล้างสุดท้าย,8,,2025-12-12T18:50:42.185675,2
P20,ขจัดคราบมัน,Positive,Medium,LiponF คือ ของจริงจัง ล้างมัน เหมาะกับครัวใหญ่ Sunlight คือ ของบ้าน กลิ่นดี แต่ยังไม่ค่อยมั่นใจเรื่องสารตกค้าง เวลาใช้กับของเด็ก,16,,2025-12-12T18:50:42.185675,2
P20,ปลอดภัย,Positive,High,ต้องแน่ใจว่าสะอาด ไม่เหลือกลิ่นหรือคราบมัน เพราะเด็กบางคนแพ้ง่าย ต้องระวังสารตกค้าง เลยใช้น้ำเยอะหน่อยตอนล้างสุดท้าย,8,,2025-12-12T18:50:42.185675,4
P20,ปลอดภัย,Positive,High,LiponF คือ ของจริงจัง ล้างมัน เหมาะกับครัวใหญ่ Sunlight คือ ของบ้าน กลิ่นดี แต่ยังไม่ค่อยมั่นใจเรื่องสารตกค้าง เวลาใช้กับของเด็ก,16,,2025-12-12T18:50:42.185675,4
P20,ปลอดภัย,Neutral,High,LiponF ก่อนค่ะ แต่ถ้ามีสูตรที่ระบุว่า ปลอดภัยกับเด็ก และอ่อนโยนกับมือ จะเปลี่ยนทันที,18,,2025-12-12T18:50:42.185675,4
P21,กลิ่นหอม,Positive,High,ส่วนใหญ่ Sunlight ครับ เพราะซื้อสะดวก หอม ล้างมันออกดี ไม่ต้องบีบเยอะ กลิ่นเลมอนช่วยให้รู้สึกสดชื่นหลังวันเหนื่อย ๆ,4,,2025-12-12T18:50:42.185675,1
P21,กลิ่นหอม,Positive,High,ราคากับกลิ่นครับ บางเดือนเงินไม่พอ ก็เลือกแบบรีฟิลใหญ่คุ้ม แต่ยังต้องหอมด้วย ล้างแล้วไม่มีกลิ่นค้างในกล่อง,8,,2025-12-12T18:50:42.185675,1
P21,กลิ่นหอม,Positive,High,หอมแบบสดชื่น สะอาด ไม่ฉุน กลิ่นเลมอนหรือมะกรูดโอเค ล้างเสร็จแล้วรู้สึกห้องสะอาดด้วย,14,,2025-12-12T18:50:42.185675,1
P21,ขจัดคราบมัน,Positive,Medium,ส่วนใหญ่ Sunlight ครับ เพราะซื้อสะดวก หอม ล้างมันออกดี ไม่ต้องบีบเยอะ กลิ่นเลมอนช่วยให้รู้สึกสดชื่นหลังวันเหนื่อย ๆ,4,,2025-12-12T18:50:42.185675,2
P21,ขจัดคราบมัน,Positive,Medium,LiponF เหมาะกับร้านอาหาร ของจริงจัง Sunlight เหมาะกับใช้ในบ้านหรือคนอยู่หอ กลิ่นดีกว่า แต่ล้างมันน้อยกว่า ถ้าได้รวมข้อดีสองอย่างเข้าด้วยกันจะดีมาก,18,,2025-12-12T18:50:42.185675,2
P21,คุ้มค่า,Positive,Medium,ราคากับกลิ่นครับ บางเดือนเงินไม่พอ ก็เลือกแบบรีฟิลใหญ่คุ้ม แต่ยังต้องหอมด้วย ล้างแล้วไม่มีกลิ่นค้างในกล่อง,8,,2025-12-12T18:50:42.185675,3
P21,ราคา,Positive,Medium,ราคากับกลิ่นครับ บางเดือนเงินไม่พอ ก็เลือกแบบรีฟิลใหญ่คุ้ม แต่ยังต้องหอมด้วย ล้างแล้วไม่มีกลิ่นค้างในกล่อง,8,,2025-12-12T18:50:42.185675,7
P21,ฟอง,Mixed,Medium,มีครับ ไม่ชอบฟองเยอะ มันทำให้ล้างนาน อยากให้ล้างไว น้ำเดียวจบ เพราะตอนล้างส่วนใหญ่รีบ อยากพัก,12,,2025-12-12T18:50:42.185675,5
P22,กลิ่นหอม,Positive,High,ใช้ Sunlight ค่ะ สูตรเลมอนธรรมชาติ ซื้อจาก 7-11 เพราะหาซื้อง่าย แล้วกลิ่นหอม สดชื่นดี,2,,2025-12-12T18:50:42.186675,1
P22,กลิ่นหอม,Mixed,High,เพราะมันไม่แรงเกินไป ฟองไม่เยอะมาก ล้างง่ายในอ่างเล็ก ๆ ที่หอ แล้วกลิ่นมันหอมแบบสะอาด ล้างเสร็จแล้วห้องไม่มีกลิ่นอับ,4,,2025-12-12T18:50:42.186675,1
P22,กลิ่นหอม,Mixed,High,เคยตอนอยู่บ้านค่ะ ล้างมันดีมาก แต่ที่หอมันแรงไป กลิ่นอบในห้อง ล้างแล้วต้องเปิดพัดลมเลย (หัวเราะ),6,,2025-12-12T18:50:42.186675,1
P22,ล้างออกง่าย,Mixed,Medium,เพราะมันไม่แรงเกินไป ฟองไม่เยอะมาก ล้างง่ายในอ่างเล็ก ๆ ที่หอ แล้วกลิ่นมันหอมแบบสะอาด ล้างเสร็จแล้วห้องไม่มีกลิ่นอับ,4,,2025-12-12T18:50:42.186675,8
P22,ล้างออกง่าย,Positive,Medium,Sunlight ค่ะ หอม ล้างง่าย ไม่ฟองเยอะ หาซื้อง่ายด้วย,20,,2025-12-12T18:50:42.186675,8
P22,ฟอง,Mixed,High,เพราะมันไม่แรงเกินไป ฟองไม่เยอะมาก ล้างง่ายในอ่างเล็ก ๆ ที่หอ แล้วกลิ่นมันหอมแบบสะอาด ล้างเสร็จแล้วห้องไม่มีกลิ่นอับ,4,,2025-12-12T18:50:42.186675,5
P22,ฟอง,Negative,High,ค่ะ เพราะอ่างมันเล็กมาก ต้องวางจานซ้อน ๆ แล้วล้างทีละใบ ถ้าน้ำยาฟองเยอะจะล้างยากมาก ใช้น้ำเยอะกว่าจะหมดฟอง,8,,2025-12-12T18:50:42.186675,5
P22,ฟอง,Positive,High,Sunlight ค่ะ หอม ล้างง่าย ไม่ฟองเยอะ หาซื้อง่ายด้วย,20,,2025-12-12T18:50:42.186675,5
P22,ขจัดคราบมัน,Mixed,Medium,เคยตอนอยู่บ้านค่ะ ล้างมันดีมาก แต่ที่หอมันแรงไป กลิ่นอบในห้อง ล้างแล้วต้องเปิดพัดลมเลย (หัวเราะ),6,,2025-12-12T18:50:42.186675,2
P22,ขจัดคราบมัน,Mixed,Medium,Sunlight = หอม สดชื่น ใช้ง่ายในหอ LiponF = เข้มข้น ของแม่บ้านที่บ้าน ล้างมันดีแต่แรงไปสำหรับพื้นที่เล็ก,18,,2025-12-12T18:50:42.186675,2
P22,คุ้มค่า,Mixed,Medium,ขนาดขวดค่ะ ต้องเล็กพอดีอ่างหรือตู้ในหอ แล้วก็ราคาไม่แพง พวก refill pack ใช้สะดวกมากเพราะประหยัดพื้นที่,14,,2025-12-12T18:50:42.186675,3
P22,ราคา,Mixed,Medium,ขนาดขวดค่ะ ต้องเล็กพอดีอ่างหรือตู้ในหอ แล้วก็ราคาไม่แพง พวก refill pack ใช้สะดวกมากเพราะประหยัดพื้นที่,14,,2025-12-12T18:50:42.186675,7
P22,แพ็กเกจ,Mixed,Medium,ขนาดขวดค่ะ ต้องเล็กพอดีอ่างหรือตู้ในหอ แล้วก็ราคาไม่แพง พวก refill pack ใช้สะดวกมากเพราะประหยัดพื้นที่,14,,2025-12-12T18:50:42.186675,9
P23,ล้างออกง่าย,Neutral,Medium,เพราะมันล้างง่าย ไม่เหนียวมือ กลิ่นไม่ฉุน แล้วก็มีขายทั่วไป ไปตลาดร้านไหนก็มี ไม่ต้องหายี่ห้ออื่น,4,,2025-12-12T18:50:42.186675,8
P23,ล้างออกง่าย,Negative,Medium,อยากได้แบบกลิ่นไม่แรง ล้างออกง่าย ไม่ลื่นมือ เวลาแก่แล้วแรงไม่เยอะ ถ้าขวดบีบแข็งหรือฝาแน่นเกินก็เปิดไม่ออก,10,,2025-12-12T18:50:42.186675,8
P23,ขจัดคราบมัน,Mixed,Medium,เคยจ้ะ ล้างมันดีมาก แต่แรงไปหน่อย มือแห้ง แล้วพื้นมันจะลื่น ๆ เวลาหยดน้ำยาเยอะเกินไป,6,,2025-12-12T18:50:42.186675,2
P23,ขจัดคราบมัน,Positive,Medium,LiponF ล้างมันกว่า เหมาะกับร้านอาหาร Sunlight เหมาะกับบ้าน ใช้ง่าย กลิ่นหอมพอดี ไม่ฉุน,18,,2025-12-12T18:50:42.186675,2
P23,มือไม่แห้ง,Mixed,High,เคยจ้ะ ล้างมันดีมาก แต่แรงไปหน่อย มือแห้ง แล้วพื้นมันจะลื่น ๆ เวลาหยดน้ำยาเยอะเกินไป,6,,2025-12-12T18:50:42.186675,6
P23,มือไม่แห้ง,Negative,High,มีบ้าง มือแห้งง่ายเพราะอายุเยอะ ใช้ของแรง ๆ ไม่ได้ บางทีล้างเสร็จต้องรีบล้างน้ำเปล่าซ้ำเยอะ ๆ เพราะกลัวสารตกค้าง,8,,2025-12-12T18:50:42.186675,6
P23,มือไม่แห้ง,Negative,High,สนใจเลยลูก เพราะคนแก่ผิวบาง มือแห้งง่าย อยากได้แบบไม่ต้องใส่ถุงมือก็ไม่คัน,16,,2025-12-12T18:50:42.186675,6
P23,ปลอดภัย,Negative,Medium,มีบ้าง มือแห้งง่ายเพราะอายุเยอะ ใช้ของแรง ๆ ไม่ได้ บางทีล้างเสร็จต้องรีบล้างน้ำเปล่าซ้ำเยอะ ๆ เพราะกลัวสารตกค้าง,8,,2025-12-12T18:50:42.186675,4
P23,แพ็กเกจ,Negative,Medium,อยากได้แบบกลิ่นไม่แรง ล้างออกง่าย ไม่ลื่นมือ เวลาแก่แล้วแรงไม่เยอะ ถ้าขวดบีบแข็งหรือฝาแน่นเกินก็เปิดไม่ออก,10,,2025-12-12T18:50:42.186675,9
P23,แพ็กเกจ,Neutral,Medium,ร้านโชห่วยแถวบ้านจ้ะ เขาจะขายเป็นขวดกับถุงรีฟิล เลือกสูตรธรรมชาติไว้ก่อน กลัวแพ้,12,,2025-12-12T18:50:42.186675,9
P23,กลิ่นหอม,Positive,Medium,LiponF ล้างมันกว่า เหมาะกับร้านอาหาร Sunlight เหมาะกับบ้าน ใช้ง่าย กลิ่นหอมพอดี ไม่ฉุน,18,,2025-12-12T18:50:42.186675,1
P24,ขจัดคราบมัน,Positive,High,ใช้ LiponF ครับ ซื้อเป็นแกลลอนใหญ่จาก Makro เพราะล้างเยอะทุกวัน แล้วมันเข้มข้น ล้างมันออกดี,2,,2025-12-12T18:50:42.188179,2
P24,ขจัดคราบมัน,Positive,High,ดูที่ล้างมันได้ดี ฟองพอดี ล้างออกง่าย แล้วก็ต้องไม่เหลือกลิ่นติดแก้ว เพราะร้านขายเครื่องดื่มเยอะ แก้วต้องไม่มีกลิ่นเลย,8,,2025-12-12T18:50:42.188179,2
P24,ขจัดคราบมัน,Mixed,High,อยากได้แบบ “clean kitchen series” ไปเลยครับ ล้างไว ฟองน้อย ล้างมันดี ไม่มีกลิ่นติดแก้ว แล้วถ้ามี refill หรือระบบส่งถึงร้านได้ยิ่งดี,20,,2025-12-12T18:50:42.188179,2
P24,ขจัดคราบมัน,Positive,High,LiponF แน่นอนครับ เข้มข้น ประหยัด ล้างมันดี แต่จะบอกเพิ่มว่า “หาขวดรีฟิลสวย ๆ มาบรรจุเอง” จะดูดีขึ้นเยอะ,24,,2025-12-12T18:50:42.188179,2
P24,คุ้มค่า,Positive,High,ใช้แล้วรู้ว่ามันเอาอยู่ ล้างพวกจานมัน ๆ จากครัวได้สบาย อีกอย่างราคาต่อปริมาณคุ้มมาก ไม่ต้องบีบเยอะก็สะอาด,4,,2025-12-12T18:50:42.188179,3
P24,คุ้มค่า,Negative,High,ถ้าใช้ยี่ห้อที่ราคาถูกเกิน ฟองจะเยอะเกิน แล้วล้างออกยาก เปลืองน้ำมาก ยิ่งตอนเร่งรีบไม่คุ้มเลย,10,,2025-12-12T18:50:42.188179,3
P24,คุ้มค่า,Positive,High,LiponF แน่นอนครับ เข้มข้น ประหยัด ล้างมันดี แต่จะบอกเพิ่มว่า “หาขวดรีฟิลสวย ๆ มาบรรจุเอง” จะดูดีขึ้นเยอะ,24,,2025-12-12T18:50:42.188179,3
P24,ราคา,Positive,Medium,ใช้แล้วรู้ว่ามันเอาอยู่ ล้างพวกจานมัน ๆ จากครัวได้สบาย อีกอย่างราคาต่อปริมาณคุ้มมาก ไม่ต้องบีบเยอะก็สะอาด,4,,2025-12-12T18:50:42.188179,7
P24,ราคา,Negative,Medium,ถ้าใช้ยี่ห้อที่ราคาถูกเกิน ฟองจะเยอะเกิน แล้วล้างออกยาก เปลืองน้ำมาก ยิ่งตอนเร่งรีบไม่คุ้มเลย,10,,2025-12-12T18:50:42.188179,7
P24,กลิ่นหอม,Mixed,Medium,เคยครับ Sunlight ก็เคย แต่รู้สึกว่าเหมาะกับบ้านมากกว่า กลิ่นดีนะ แต่ในร้านมันหอมเกิน (หัวเราะ) บางทีแรงกลบกลิ่นกาแฟลูกค้าเลย,6,,2025-12-12T18:50:42.188179,1
P24,ล้างออกง่าย,Positive,Medium,ดูที่ล้างมันได้ดี ฟองพอดี ล้างออกง่าย แล้วก็ต้องไม่เหลือกลิ่นติดแก้ว เพราะร้านขายเครื่องดื่มเยอะ แก้วต้องไม่มีกลิ่นเลย,8,,2025-12-12T18:50:42.188179,8
P24,ฟอง,Positive,High,ดูที่ล้างมันได้ดี ฟองพอดี ล้างออกง่าย แล้วก็ต้องไม่เหลือกลิ่นติดแก้ว เพราะร้านขายเครื่องดื่มเยอะ แก้วต้องไม่มีกลิ่นเลย,8,,2025-12-12T18:50:42.188179,5
P24,ฟอง,Negative,High,ถ้าใช้ยี่ห้อที่ราคาถูกเกิน ฟองจะเยอะเกิน แล้วล้างออกยาก เปลืองน้ำมาก ยิ่งตอนเร่งรีบไม่คุ้มเลย,10,,2025-12-12T18:50:42.188179,5
P24,ฟอง,Mixed,High,อยากได้แบบ “clean kitchen series” ไปเลยครับ ล้างไว ฟองน้อย ล้างมันดี ไม่มีกลิ่นติดแก้ว แล้วถ้ามี refill หรือระบบส่งถึงร้านได้ยิ่งดี,20,,2025-12-12T18:50:42.188179,5
P24,แพ็กเกจ,Positive,Medium,มีครับ ผมเลือกขวดให้ดูเรียบสะอาดเลยนะ เพราะร้านผมครัวเปิด ขวดต้องดูไม่เลอะหรือสีฉูดฉาดเกินไป,22,,2025-12-12T18:50:42.188179,9
P24,แพ็กเกจ,Positive,Medium,LiponF แน่นอนครับ เข้มข้น ประหยัด ล้างมันดี แต่จะบอกเพิ่มว่า “หาขวดรีฟิลสวย ๆ มาบรรจุเอง” จะดูดีขึ้นเยอะ,24,,2025-12-12T18:50:42.188179,9
P25,ขจัดคราบมัน,Mixed,Medium,เคยครับ ที่บ้านเคยใช้ ล้างมันดีมาก แต่ผมรู้สึกว่ามันแรงไปนิด โดยเฉพาะเวลาล้างขวดแก้วเล็ก ๆ หรือกล่องอาหารส่วนตัว กลัวจะมีสารตกค้าง,4,,2025-12-12T18:50:42.188179,2
P25,ขจัดคราบมัน,Positive,Medium,LiponF คือ efficiency ล้างมันดีมาก เหมาะกับครัวมืออาชีพ Sunlight คือ everyday clean สำหรับคนทั่วไป หรือคนที่ต้องการความ balance ระหว่างสะอาดกับปลอดภัย,14,,2025-12-12T18:50:42.188179,2
P25,ปลอดภัย,Mixed,High,เคยครับ ที่บ้านเคยใช้ ล้างมันดีมาก แต่ผมรู้สึกว่ามันแรงไปนิด โดยเฉพาะเวลาล้างขวดแก้วเล็ก ๆ หรือกล่องอาหารส่วนตัว กลัวจะมีสารตกค้าง,4,,2025-12-12T18:50:42.188179,4
P25,ปลอดภัย,Mixed,High,มากครับ ต้องแน่ใจว่าไม่มีฟองหรือกลิ่นเหลือเลย เพราะสารตกค้างนิดเดียวอาจส่งผลต่อการทดลอง ถ้าน้ำยาล้างจานล้างออกยาก จะไม่ใช้เลย,6,,2025-12-12T18:50:42.188179,4
P25,ปลอดภัย,Neutral,High,สนใจแน่นอนครับ โดยเฉพาะถ้ามีการทดสอบว่าไม่มีสารตกค้างจริง ๆ จะซื้อเลย เพราะทุกวันนี้ยังไม่เห็นแบรนด์ไหนสื่อสารเรื่องนี้ชัด,12,,2025-12-12T18:50:42.188179,4
P25,ปลอดภัย,Positive,High,LiponF คือ efficiency ล้างมันดีมาก เหมาะกับครัวมืออาชีพ Sunlight คือ everyday clean สำหรับคนทั่วไป หรือคนที่ต้องการความ balance ระหว่างสะอาดกับปลอดภัย,14,,2025-12-12T18:50:42.188179,4
P25,ปลอดภัย,Neutral,High,ถ้าล้างหม้อหรือคราบหนัก — LiponF แต่ถ้าเป็นของที่ต้องแน่ใจเรื่องความปลอดภัย — Sunlight สูตรธรรมชาติครับ,16,,2025-12-12T18:50:42.188179,4
P25,แพ็กเกจ,Mixed,Medium,เคยครับ ที่บ้านเคยใช้ ล้างมันดีมาก แต่ผมรู้สึกว่ามันแรงไปนิด โดยเฉพาะเวลาล้างขวดแก้วเล็ก ๆ หรือกล่องอาหารส่วนตัว กลัวจะมีสารตกค้าง,4,,2025-12-12T18:50:42.188179,9
P25,ฟอง,Mixed,Medium,มากครับ ต้องแน่ใจว่าไม่มีฟองหรือกลิ่นเหลือเลย เพราะสารตกค้างนิดเดียวอาจส่งผลต่อการทดลอง ถ้าน้ำยาล้างจานล้างออกยาก จะไม่ใช้เลย,6,,2025-12-12T18:50:42.188179,5
P25,ล้างออกง่าย,Positive,Medium,ผมใช้สูตรธรรมชาติของ Sunlight เพราะกลิ่นอ่อน ล้างง่าย แล้วไม่รู้สึกว่ามีสารเคมีติดอยู่ พอแห้งแล้วไม่มีกลิ่น เหมือนสะอาดจริง ๆ,8,,2025-12-12T18:50:42.188179,8
P25,กลิ่นหอม,Mixed,Medium,"ให้ความสำคัญนะครับ แต่ไม่ใช่เพราะอยากให้หอม แต่อยากให้รู้สึก ""clean"" ไม่ใช่กลิ่นเคมีพ่นกลบ กลิ่น citrus เบา ๆ นี่โอเคมาก",10,,2025-12-12T18:50:42.188179,1
