transcript_id,interview_id,turn_number,speaker,text,timestamp_seconds,language,created_at
1,P1,1,Interviewer,ปกติคุณใช้แบรนด์น้ำยาล้างจานอะไรอยู่คะตอนนี้?,,th,2025-12-12T18:56:17.715465
2,P1,2,Respondent,ส่วนใหญ่ใช้ Sunlight ค่ะ บางทีก็เปลี่ยนเป็นแบรนด์ที่ลดราคาตามซูเปอร์ใกล้บ้าน อย่างไลปอนเอฟก็เคยลอง,,th,2025-12-12T18:56:17.715465
3,P1,3,Interviewer,แล้วรู้สึกแตกต่างยังไงบ้างเวลาลองใช้แต่ละแบรนด์?,,th,2025-12-12T18:56:27.991024
4,P1,4,Respondent,Sunlight กลิ่นมันสดชื่นดีค่ะ รู้สึกสะอาด ส่วนไลปอนเอฟมันล้างมันออกง่ายจริง แต่กลิ่นแรงไปนิด,,th,2025-12-12T18:56:27.991024
5,P1,5,Interviewer,คุณล้างจานบ่อยไหมคะในแต่ละวัน?,,th,2025-12-12T18:56:37.521483
6,P1,6,Respondent,ไม่บ่อยค่ะ เพราะอยู่คนเดียว ทำกับข้าวสัปดาห์ละ 2-3 ครั้งเอง ส่วนใหญ่เป็นจานแก้วกับช้อนส้อม ไม่ได้เลอะมาก,,th,2025-12-12T18:56:37.521483
7,P1,7,Interviewer,แสดงว่าเรื่อง “ขจัดคราบมัน” อาจไม่ใช่สิ่งที่ต้องการที่สุด?,,th,2025-12-12T18:56:39.112907
8,P1,8,Respondent,ใช่ค่ะ อยากได้กลิ่นหอมมากกว่า เพราะจานมันไม่ค่อยมันเท่าไหร่ อยากให้ล้างแล้วกลิ่นสะอาด เหมือนห้องครัวหอมขึ้น,,th,2025-12-12T18:56:39.112907
9,P1,9,Interviewer,แล้วเวลาล้างคุณให้ความสำคัญกับเรื่องอะไรบ้างคะ?,,th,2025-12-12T18:56:46.259725
10,P1,10,Respondent,อยากให้ล้างง่าย ไม่ต้องใช้น้ำเยอะ เพราะอยู่คอนโด น้ำมันไม่แรงมาก แล้วก็ไม่ชอบฟองเยอะ เพราะจะล้างยาก,,th,2025-12-12T18:56:46.259725
11,P1,11,Interviewer,แล้วเคยรู้สึกว่ามือแห้งหรือแสบหลังล้างไหมคะ?,,th,2025-12-12T18:56:55.409743
12,P1,12,Respondent,เคยค่ะ บางสูตรของแบรนด์อื่นถ้าแรงไปจะรู้สึกมือแห้ง แต่ Sunlight สูตรมะนาวรู้สึกโอเค,,th,2025-12-12T18:56:55.409743
13,P1,13,Interviewer,เวลาซื้อเลือกยังไงคะ ดูจากอะไรเป็นหลัก?,,th,2025-12-12T18:57:02.605941
14,P1,14,Respondent,กลิ่นก่อนเลยค่ะ แล้วก็ดูว่าขวดขนาดกลางหรือเล็ก พกง่าย เก็บง่าย เพราะพื้นที่ซิงค์เล็ก,,th,2025-12-12T18:57:02.605941
15,P1,15,Interviewer,แล้วดูยี่ห้อด้วยไหมคะ?,,th,2025-12-12T18:57:08.702838
16,P1,16,Respondent,ดูค่ะ จริงๆ ก็จะคุ้นชื่อแค่ไม่กี่แบรนด์ Sunlight กับ LiponF เป็นหลัก รู้สึกว่ามีมาตรฐานกว่าแบรนด์อื่นๆ,,th,2025-12-12T18:57:08.702838
17,P1,17,Interviewer,แล้วถ้ามีแบรนด์ใหม่ที่บอกว่าเป็นสูตรธรรมชาติ ไม่มีสารตกค้าง คุณสนใจไหม?,,th,2025-12-12T18:57:14.447470
18,P1,18,Respondent,สนใจนะคะ แต่ต้องกลิ่นไม่เหม็นเขียว แล้วต้องไม่รู้สึกว่าล้างไม่สะอาด บางสูตรธรรมชาติมันลื่นๆ เหมือนล้างไม่หมด,,th,2025-12-12T18:57:14.447470
19,P1,19,Interviewer,แล้วตอนเห็นโฆษณา Sunlight หรือ LiponF คุณจำอะไรได้บ้างไหมคะ?,,th,2025-12-12T18:57:23.296299
20,P1,20,Respondent,Sunlight จะเห็นบ่อยกว่า เหมือนภาพลักษณ์ดูสดใส น่าใช้ ส่วน LiponF ไม่ค่อยเห็นโฆษณาเลย แต่รู้ว่าเป็นแบรนด์เก่าแก่,,th,2025-12-12T18:57:23.296299
21,P1,21,Interviewer,แล้วภาพในใจของคุณต่อแต่ละแบรนด์เป็นยังไง?,,th,2025-12-12T18:57:31.787709
22,P1,22,Respondent,Sunlight = หอม สดชื่น ใช้ง่าย LiponF = เข้มข้น ล้างคราบดี แต่ดูบ้านๆ นิดนึง,,th,2025-12-12T18:57:31.787709
23,P1,23,Interviewer,แล้วเวลาคิดถึงคำว่า “คุ้มค่า” สำหรับคุณคืออะไรคะ?,,th,2025-12-12T18:57:41.493941
24,P1,24,Respondent,ใช้ได้นาน ล้างออกง่าย และไม่ต้องใช้น้ำเยอะ ถ้าใช้แล้วไม่ต้องบีบเยอะถือว่าคุ้มค่ะ,,th,2025-12-12T18:57:41.493941
25,P1,25,Interviewer,ถ้าราคาทั้งสองแบรนด์เท่ากัน คุณจะเลือกแบรนด์ไหน?,,th,2025-12-12T18:57:47.710918
26,P1,26,Respondent,Sunlight ค่ะ เพราะชอบกลิ่นและล้างออกง่ายกว่า,,th,2025-12-12T18:57:47.710918
27,P1,27,Interviewer,แล้วมีอะไรที่อยากให้แบรนด์ปรับปรุงไหมคะ?,,th,2025-12-12T18:57:52.475674
28,P1,28,Respondent,อยากให้ขวดแบบหัวปั๊มมีขายในไซซ์กลางๆ มากกว่านี้ เพราะพกง่ายดี ไม่ชอบต้องเทจากขวดใหญ่,,th,2025-12-12T18:57:52.475674
29,P1,29,Interviewer,ถ้าคุณต้องออกแบบน้ำยาล้างจานในอุดมคติของตัวเอง จะเป็นยังไงคะ?,,th,2025-12-12T18:57:59.842887
30,P1,30,Respondent,ล้างง่าย กลิ่นหอมแบบธรรมชาติ มือไม่แห้ง แล้วก็มีดีไซน์ขวดที่เรียบๆ สวยวางในห้องครัวแล้วดูสะอาดตา,,th,2025-12-12T18:57:59.842887
31,P1,31,Interviewer,แล้วถ้ามีแบรนด์ที่ล้างคราบดีมาก แต่กลิ่นไม่ชอบ คุณจะยอมใช้ไหม?,,th,2025-12-12T18:58:11.874621
32,P1,32,Respondent,ไม่ค่ะ กลิ่นสำคัญมาก ถ้าไม่ชอบจะรู้สึกเหม็นไปทั้งห้องเลย,,th,2025-12-12T18:58:11.874621
33,P1,33,Interviewer,ขอบคุณมากเลยค่ะสำหรับการแชร์ประสบการณ์ มีอะไรอยากฝากถึงแบรนด์ไหมคะ?,,th,2025-12-12T18:58:15.648973
34,P1,34,Respondent,อยากให้เน้นเรื่องกลิ่นและแพ็กเกจจิ้งให้เหมาะกับคนอยู่คอนโด เพราะกลุ่มนี้มีเยอะขึ้นค่ะ,,th,2025-12-12T18:58:15.648973
35,P2,1,Interviewer,ปกติที่บ้านใช้ยี่ห้อน้ำยาล้างจานอะไรอยู่คะ?,,th,2025-12-12T18:58:21.821649
36,P2,2,Respondent,ใช้ LiponF ค่ะ แล้วบางทีก็สลับกับ Sunlight สูตรธรรมชาติ เพราะลูกยังเล็ก เลยกลัวพวกสารเคมีแรงๆ,,th,2025-12-12T18:58:21.821649
37,P2,3,Interviewer,ทำไมถึงเลือกสองแบรนด์นี้คะ?,,th,2025-12-12T18:58:28.300565
38,P2,4,Respondent,ใช้มาตั้งแต่สมัยแม่เลยค่ะ LiponF รู้สึกว่าล้างมันออกดี ส่วน Sunlight ก็มีสูตรที่เขียนว่า gentle เหมือนปลอดภัยกว่า,,th,2025-12-12T18:58:28.300565
39,P2,5,Interviewer,แล้วเวลาล้างจาน คุณให้ความสำคัญกับเรื่องไหนเป็นพิเศษ?,,th,2025-12-12T18:58:38.240848
40,P2,6,Respondent,มือไม่แห้งกับกลิ่นค่ะ เพราะล้างทุกวัน วันละหลายรอบ แล้วก็ไม่อยากให้มีกลิ่นติดจาน ลูกชอบเอามือเข้าปาก,,th,2025-12-12T18:58:38.240848
41,P2,7,Interviewer,แล้วมีเคยลองแบรนด์อื่นไหม?,,th,2025-12-12T18:58:45.739141
42,P2,8,Respondent,เคยค่ะ แต่บางตัวล้างแล้วจานยังลื่น หรือกลิ่นติดแรงมาก ไม่มั่นใจเลยว่าจะปลอดภัยกับลูกหรือเปล่า,,th,2025-12-12T18:58:45.739141
43,P2,9,Interviewer,แล้วเวลาเลือกซื้อที่ห้างหรือออนไลน์ คุณดูอะไรเป็นหลักคะ?,,th,2025-12-12T18:58:52.105414
44,P2,10,Respondent,ดูคำว่า “อ่อนโยน” หรือ “ไม่มีสารตกค้าง” ก่อนเลย แล้วถึงจะดูราคา,,th,2025-12-12T18:58:52.105414
45,P2,11,Interviewer,ถ้าต้องเลือกแบรนด์ที่ล้างคราบมันออกดีมากๆ แต่แรงหน่อย กับแบรนด์ที่อ่อนโยนแต่ต้องล้างสองรอบ คุณเลือกอะไรคะ?,,th,2025-12-12T18:59:01.853091
46,P2,12,Respondent,ขอแบบอ่อนโยนดีกว่าค่ะ เพราะกลัวเรื่องสารตกค้าง ถึงจะต้องล้างสองรอบก็ไม่เป็นไร,,th,2025-12-12T18:59:01.853091
47,P2,13,Interviewer,แล้วคิดว่า LiponF กับ Sunlight ต่างกันยังไงในภาพจำของคุณ?,,th,2025-12-12T18:59:07.039119
48,P2,14,Respondent,LiponF คือเข้มข้น ล้างสะอาดดี แต่ฟังดูเหมือนเหมาะกับบ้านที่ล้างเยอะๆ ส่วน Sunlight ดูอ่อนโยนกว่า ภาพลักษณ์ดูสากลกว่า,,th,2025-12-12T18:59:07.039119
49,P2,15,Interviewer,แล้วคุณเคยรู้สึกว่ากลิ่นของน้ำยามีผลต่อการเลือกไหม?,,th,2025-12-12T18:59:16.577802
50,P2,16,Respondent,มีค่ะ กลิ่นแรงเกินจะรู้สึกว่าไม่ปลอดภัย โดยเฉพาะเวลาล้างขวดนมเด็ก,,th,2025-12-12T18:59:16.577802
51,P2,17,Interviewer,แล้วพวกฟองล่ะคะ มีผลกับการรู้สึกว่าสะอาดไหม?,,th,2025-12-12T18:59:22.834415
52,P2,18,Respondent,ถ้ามีฟองนิดๆ จะรู้สึกว่าสะอาด แต่ถ้าฟองเยอะเกินไปจะไม่ชอบ เพราะต้องล้างน้ำนาน,,th,2025-12-12T18:59:22.834415
53,P2,19,Interviewer,ถ้ามีสูตรที่ล้างมันดีเหมือน LiponF แต่เขียนว่า “ปลอดภัยสำหรับเด็ก” คุณคิดว่าน่าสนใจไหม?,,th,2025-12-12T18:59:29.090795
54,P2,20,Respondent,สนใจมากเลยค่ะ เพราะจะได้ไม่ต้องมีสองขวด ใช้ขวดเดียวล้างได้ทั้งของผู้ใหญ่กับของลูก,,th,2025-12-12T18:59:29.090795
55,P2,21,Interviewer,แล้วตอนนี้เลือกซื้อที่ไหนบ่อยสุดคะ?,,th,2025-12-12T18:59:34.736844
56,P2,22,Respondent,ใน Lotus หรือ Shopee ค่ะ แล้วแต่โปร บางทีก็ซื้อยกลังเก็บไว้เลย,,th,2025-12-12T18:59:34.736844
57,P2,23,Interviewer,ถ้าให้คะแนนความพึงพอใจของแบรนด์ที่ใช้อยู่ตอนนี้ เต็ม 10 ให้เท่าไหร่คะ?,,th,2025-12-12T18:59:41.232250
58,P2,24,Respondent,LiponF ให้ 8 เพราะล้างดีแต่กลิ่นแรงไปนิด ส่วน Sunlight ให้ 9 เพราะกลิ่นหอม ล้างง่าย มือไม่แห้ง,,th,2025-12-12T18:59:41.232250
59,P2,25,Interviewer,แล้วถ้ามีเพื่อนมาถามว่า “ใช้แบรนด์ไหนล้างขวดนมลูกดี?” คุณจะตอบว่าอะไร?,,th,2025-12-12T18:59:51.082544
60,P2,26,Respondent,แนะนำ Sunlight สูตรธรรมชาติค่ะ เพราะล้างออกง่าย กลิ่นไม่แรง รู้สึกปลอดภัยกว่า,,th,2025-12-12T18:59:51.082544
61,P3,1,Interviewer,ปกติคุณล้างจานเองบ่อยไหมคะ?,,th,2025-12-12T18:59:58.760817
62,P3,2,Respondent,บ่อยครับ หลังอาหารเย็นส่วนใหญ่จะเป็นผมล้างเอง เพราะอยากช่วยภรรยา,,th,2025-12-12T18:59:58.760817
63,P3,3,Interviewer,แล้วที่บ้านใช้ยี่ห้อน้ำยาล้างจานอะไรอยู่ครับ?,,th,2025-12-12T19:00:00.401834
64,P3,4,Respondent,ตอนนี้ใช้ LiponF ครับ เคยใช้ Sunlight มาก่อนแต่เปลี่ยนเพราะรู้สึกว่า LiponF เข้มข้นกว่า ใช้น้อยแต่ล้างได้เยอะ,,th,2025-12-12T19:00:00.401834
65,P3,5,Interviewer,ถ้าให้เล่าวิธีเลือกซื้อ คุณดูจากอะไรเป็นหลักครับ?,,th,2025-12-12T19:00:07.228659
66,P3,6,Respondent,ผมดูเรื่อง “คุ้มค่า” ก่อนเลยครับ หมายถึงใช้แล้วล้างได้หลายรอบ ไม่ต้องบีบเยอะ แล้วก็ต้องล้างคราบมันได้จริง,,th,2025-12-12T19:00:07.228659
67,P3,7,Interviewer,แล้วเคยรู้สึกต่างกันไหมระหว่างสองแบรนด์นี้?,,th,2025-12-12T19:00:15.506783
68,P3,8,Respondent,ต่างครับ Sunlight กลิ่นหอมกว่า ล้างออกง่ายกว่า แต่ LiponF รู้สึกว่าล้างมันออกสะอาดกว่า โดยเฉพาะตอนล้างกระทะ,,th,2025-12-12T19:00:15.506783
69,P3,9,Interviewer,แล้วถ้าให้เลือกระหว่าง “ล้างมันดีแต่ต้องใช้น้ำเยอะ” กับ “ล้างออกง่ายแต่ต้องบีบเยอะ” จะเลือกแบบไหนครับ?,,th,2025-12-12T19:00:24.956179
70,P3,10,Respondent,ผมเลือกแบบล้างมันดีดีกว่า เพราะสุดท้ายถ้ามันยังมันอยู่ต้องล้างใหม่อีกรอบ เสียเวลา,,th,2025-12-12T19:00:24.956179
71,P3,11,Interviewer,แล้วเรื่องฟองมีผลไหมครับ?,,th,2025-12-12T19:00:31.322790
72,P3,12,Respondent,ผมชอบฟองเยอะพอดีครับ ฟองเยอะไปก็เปลืองน้ำ ฟองน้อยไปก็ไม่รู้สึกว่าสะอาด,,th,2025-12-12T19:00:31.322790
73,P3,13,Interviewer,แล้วคุณเคยมีปัญหาเรื่องมือแห้งหรือแพ้ไหมครับ?,,th,2025-12-12T19:00:37.558623
74,P3,14,Respondent,ไม่ค่อยครับ มือผู้ชายน่าจะทนกว่า ฮ่าๆ ภรรยาเคยบ่นเรื่องมือแห้ง แต่ผมไม่รู้สึก,,th,2025-12-12T19:00:37.558623
75,P3,15,Interviewer,แล้วถ้ามีแบรนด์ใหม่ที่โฆษณาว่า “ขจัดคราบมันได้ไวกว่าเดิม 50%” คุณจะสนใจไหม?,,th,2025-12-12T19:00:44.246175
76,P3,16,Respondent,สนใจครับ แต่ต้องดูราคาด้วย ถ้าแพงกว่ามากคงไม่เปลี่ยน เพราะของเดิมก็ใช้ได้ดีอยู่แล้ว,,th,2025-12-12T19:00:44.246175
77,P3,17,Interviewer,แล้วเวลาคิดถึงแบรนด์ LiponF คุณรู้สึกยังไงครับ?,,th,2025-12-12T19:00:48.191040
78,P3,18,Respondent,รู้สึกว่ามันเป็นของคนไทย ใช้มานาน เชื่อถือได้ ไม่ต้องคิดเยอะ ซื้อได้เลย,,th,2025-12-12T19:00:48.191040
79,P3,19,Interviewer,แล้ว Sunlight ล่ะครับ?,,th,2025-12-12T19:00:53.555574
80,P3,20,Respondent,ดูทันสมัยกว่า เหมาะกับคนเมือง แต่ผมรู้สึกว่ามันเบาไปหน่อยสำหรับของทอด,,th,2025-12-12T19:00:53.555574
81,P3,21,Interviewer,แล้วตอนเห็นโฆษณาทั้งสองแบรนด์ คุณจำอะไรได้ไหมครับ?,,th,2025-12-12T19:01:00.060623
82,P3,22,Respondent,Sunlight จะจำเรื่องเลมอน เรื่องความหอม ส่วน LiponF จะเป็นเรื่อง “ล้างคราบมันหมดจด” เหมือนภาพที่เทน้ำแล้วคราบหลุดเลย,,th,2025-12-12T19:01:00.060623
83,P3,23,Interviewer,แล้วตอนซื้อ คุณเลือกซื้อจากที่ไหนครับ?,,th,2025-12-12T19:01:09.641317
84,P3,24,Respondent,ซื้อจากห้าง Makro ครับ ยกลังไว้เลย เพราะถูกกว่าเยอะ,,th,2025-12-12T19:01:09.641317
85,P3,25,Interviewer,ถ้ามีขวดรีฟิลใหญ่ที่ประหยัดกว่าขวดปกติ คุณเลือกไหมครับ?,,th,2025-12-12T19:01:17.137820
86,P3,26,Respondent,เลือกครับ ของใช้แบบนี้ไม่เน้นแพ็กเกจ ขอแค่ล้างดีและคุ้มพอ,,th,2025-12-12T19:01:17.137820
87,P3,27,Interviewer,ถ้ามีสูตรใหม่ที่อ่อนโยนต่อมือแต่ราคาสูงขึ้น คุณจะลองไหมครับ?,,th,2025-12-12T19:01:25.717277
88,P3,28,Respondent,คงไม่ครับ ผมไม่ได้ซีเรียสเรื่องมือเท่าไหร่ เอาแบบเดิมดีกว่า ประสิทธิภาพสำคัญกว่า,,th,2025-12-12T19:01:25.717277
89,P3,29,Interviewer,แล้วถ้ามีโอกาสให้คุณออกแบบน้ำยาล้างจานเอง คุณอยากให้มันเป็นยังไงครับ?,,th,2025-12-12T19:01:33.443796
90,P3,30,Respondent,อยากให้เข้มข้นแต่ล้างออกง่าย กลิ่นอ่อนๆ ไม่ต้องแรงมาก แล้วก็มีหัวปั๊ม จะได้ใช้สะดวกเวลามือเปียก,,th,2025-12-12T19:01:33.443796
91,P3,31,Interviewer,สรุปถ้ามีคนถามว่า “น้ำยาล้างจานที่คุ้มค่าที่สุดในใจคุณคืออะไร” คุณจะตอบว่าอะไรครับ?,,th,2025-12-12T19:01:45.397429
92,P3,32,Respondent,LiponF ครับ ใช้น้อย ล้างมันดี แล้วขวดใหญ่ราคาถูกกว่าแบรนด์อื่น,,th,2025-12-12T19:01:45.397429
93,P4,1,Interviewer,ปกติที่หอใช้ยี่ห้อน้ำยาล้างจานอะไรอยู่คะ?,,th,2025-12-12T19:01:54.014524
94,P4,2,Respondent,ส่วนใหญ่ใช้ Sunlight ค่ะ เพราะซื้อใน 7-11 ได้ง่ายดี แล้วบางทีก็ซื้อตาม Shopee ถ้ามีโปร,,th,2025-12-12T19:01:54.014524
95,P4,3,Interviewer,ทำไมถึงเลือก Sunlight เป็นหลักคะ?,,th,2025-12-12T19:01:59.783917
96,P4,4,Respondent,ก็รู้จักมาตั้งแต่เด็กอะค่ะ เห็นแม่ใช้ แล้วกลิ่นมันหอมดี ล้างแล้วรู้สึกสะอาด ฟองไม่เยอะเกินไป,,th,2025-12-12T19:01:59.783917
97,P4,5,Interviewer,เคยลองแบรนด์อื่นไหมคะ เช่น LiponF หรือยี่ห้ออื่น ๆ ที่ราคาถูกกว่า?,,th,2025-12-12T19:02:08.468794
98,P4,6,Respondent,เคยลอง LiponF อยู่ช่วงนึงค่ะ แต่รู้สึกว่ากลิ่นแรงกว่า Sunlight นิดนึง แล้วฟองเยอะกว่าด้วย ต้องล้างน้ำนานกว่า,,th,2025-12-12T19:02:08.468794
99,P4,7,Interviewer,แล้วเวลาซื้อ คุณดูอะไรเป็นหลักคะ?,,th,2025-12-12T19:02:17.118627
100,P4,8,Respondent,ราคากับขนาดขวดค่ะ เพราะอยู่หอ พื้นที่มันเล็ก ถ้าขวดใหญ่เกินก็วางลำบาก แล้วก็ชอบแบบหัวปั๊ม เพราะใช้สะดวก,,th,2025-12-12T19:02:17.118627
101,P4,9,Interviewer,แล้วมีความต่างไหมระหว่างซื้อตามร้านกับซื้อตามออนไลน์?,,th,2025-12-12T19:02:24.214159
102,P4,10,Respondent,ออนไลน์จะถูกกว่าเยอะเลยค่ะ ซื้อพวกแพ็กรีฟิลมาแบ่งกันใช้กับเพื่อนในห้อง,,th,2025-12-12T19:02:24.214159
103,P4,11,Interviewer,ถ้าต้องเลือกระหว่าง “สูตรล้างมันดีมาก” กับ “สูตรกลิ่นหอมมาก” จะเลือกอะไรคะ?,,th,2025-12-12T19:02:31.561976
104,P4,12,Respondent,กลิ่นหอมค่ะ (หัวเราะ) เพราะส่วนใหญ่ที่ล้างก็พวกชามแก้ว ช้อนส้อม ไม่มันขนาดนั้น,,th,2025-12-12T19:02:31.561976
105,P4,13,Interviewer,แล้วเคยมีปัญหามือแห้งหรือแสบหลังล้างไหมคะ?,,th,2025-12-12T19:02:39.439091
106,P4,14,Respondent,มีบ้างค่ะ บางวันล้างหลายรอบ ถ้าใช้ของที่แรงไปจะตึงมือ เลยชอบสูตรที่เขียนว่า gentle หรือมี aloe vera,,th,2025-12-12T19:02:39.439091
107,P4,15,Interviewer,แล้วรู้สึกยังไงกับแบรนด์ LiponF บ้างคะ?,,th,2025-12-12T19:02:46.586464
108,P4,16,Respondent,มันดูเป็นของบ้าน ๆ หน่อย เหมาะกับคนที่ล้างเยอะ ๆ แบบบ้านมีครอบครัว ส่วน Sunlight ดูวัยรุ่นกว่า,,th,2025-12-12T19:02:46.586464
109,P4,17,Interviewer,แล้วคิดว่าภาพจำของ Sunlight สำหรับคุณคืออะไรคะ?,,th,2025-12-12T19:02:54.716297
110,P4,18,Respondent,สีเหลือง สดใส กลิ่นเลมอน แล้วก็แบบล้างง่าย มือไม่แห้ง,,th,2025-12-12T19:02:54.716297
111,P4,19,Interviewer,ถ้ามีแบรนด์ใหม่ที่ออกสูตร eco-friendly หรือเป็นมิตรต่อสิ่งแวดล้อม คุณสนใจไหมคะ?,,th,2025-12-12T19:03:02.142503
112,P4,20,Respondent,สนใจนะคะ ถ้าไม่แพงมาก อยากลองเพราะรู้สึกดีกับสิ่งแวดล้อมด้วย แต่ราคาต้องไม่ต่างเยอะ,,th,2025-12-12T19:03:02.142503
113,P4,21,Interviewer,แล้วเวลาเห็นคำว่า “ล้างออกง่าย” คุณตีความว่าอะไรคะ?,,th,2025-12-12T19:03:08.377929
114,P4,22,Respondent,หมายถึงไม่ต้องล้างน้ำนาน ฟองหมดไว แล้วจานไม่ลื่น ๆ หลังล้าง,,th,2025-12-12T19:03:08.377929
115,P4,23,Interviewer,ถ้าคุณต้องออกแบบน้ำยาล้างจานของตัวเองได้ อยากให้เป็นแบบไหนคะ?,,th,2025-12-12T19:03:13.852633
116,P4,24,Respondent,กลิ่นหอมอ่อน ๆ ใช้แล้วมือไม่แห้ง ขวดสวย และราคานักศึกษาซื้อได้ (หัวเราะ),,th,2025-12-12T19:03:13.852633
117,P4,25,Interviewer,ถ้ามีแบรนด์ที่คุณไม่เคยใช้มาก่อน แต่โฆษณาว่า “ใช้แล้วมือไม่แห้ง 100%” คุณจะลองไหม?,,th,2025-12-12T19:03:25.935655
118,P4,26,Respondent,ลองค่ะ แต่ต้องมีรีวิวเยอะก่อน ถ้าใน Shopee คะแนนต่ำจะไม่ซื้อ,,th,2025-12-12T19:03:25.935655
119,P4,27,Interviewer,ถ้ามีโปร 1 แถม 1 ระหว่าง Sunlight กับ LiponF คุณเลือกอะไรคะ?,,th,2025-12-12T19:03:32.922490
120,P4,28,Respondent,Sunlight ค่ะ รู้สึกมั่นใจมากกว่า กลิ่นก็ชอบมากกว่า,,th,2025-12-12T19:03:32.922490
121,P4,29,Interviewer,แล้วถ้ามีเพื่อนมาถามว่า “น้ำยาล้างจานหอใช้ยี่ห้อไหนดี?” คุณจะตอบว่าอะไร?,,th,2025-12-12T19:03:38.458451
122,P4,30,Respondent,บอกว่า Sunlight ขวดเล็กแบบหัวปั๊ม เพราะใช้สะดวกสุด ล้างง่าย กลิ่นดี ราคาน่ารัก,,th,2025-12-12T19:03:38.458451
123,P5,1,Interviewer,ปกติใช้แบรนด์น้ำยาล้างจานอะไรอยู่คะ?,,th,2025-12-12T19:03:49.248578
124,P5,2,Respondent,ตอนนี้ใช้ของแบรนด์ออร์แกนิกค่ะ เป็นสูตรธรรมชาติจากมะพร้าวกับเลมอน ไม่ได้ใช้ Sunlight หรือ LiponF มาพักใหญ่แล้ว,,th,2025-12-12T19:03:49.248578
125,P5,3,Interviewer,ทำไมถึงเลือกแบรนด์ออร์แกนิกแทนแบรนด์หลักในตลาดคะ?,,th,2025-12-12T19:03:58.757879
126,P5,4,Respondent,เพราะรู้สึกว่าส่วนผสมของแบรนด์ใหญ่ยังเคมีเยอะ แล้วฉันพยายามลดการใช้ของที่มีสารตกค้างหรือทำลายสิ่งแวดล้อมค่ะ,,th,2025-12-12T19:03:58.757879
127,P5,5,Interviewer,แล้วเวลาเลือก คุณดูอะไรเป็นหลัก?,,th,2025-12-12T19:04:07.587459
128,P5,6,Respondent,ดู ingredient ก่อนเลยค่ะ ถ้าไม่มี SLS ไม่มี paraben ถึงจะสนใจ แล้วก็ต้องดูเรื่อง packaging ด้วยว่าขวดรีไซเคิลได้ไหม,,th,2025-12-12T19:04:07.587459
129,P5,7,Interviewer,แล้วถ้าให้พูดถึง LiponF หรือ Sunlight คุณยังจำภาพแบรนด์ได้ไหม?,,th,2025-12-12T19:04:16.907472
130,P5,8,Respondent,จำได้ค่ะ Sunlight จะดูสดใส สะอาด แต่รู้สึกว่ามัน mass มากไปหน่อย ส่วน LiponF จะดูบ้าน ๆ เหมือนของคนรุ่นพ่อแม่,,th,2025-12-12T19:04:16.907472
131,P5,9,Interviewer,แล้วรู้สึกอย่างไรกับเรื่องประสิทธิภาพของแบรนด์ออร์แกนิกเทียบกับแบรนด์ใหญ่คะ?,,th,2025-12-12T19:04:26.755349
132,P5,10,Respondent,ยอมรับว่าล้างมันยากกว่านิดนึง ต้องบีบเยอะกว่า แต่ก็ยอม เพราะรู้สึกดีกว่าที่ไม่ใช้สารแรง ๆ,,th,2025-12-12T19:04:26.755349
133,P5,11,Interviewer,แล้วคิดว่าอะไรคือสิ่งที่แบรนด์ใหญ่ยังขาดสำหรับคนอย่างคุณ?,,th,2025-12-12T19:04:33.841912
134,P5,12,Respondent,ขาดความจริงใจเรื่อง sustainability ค่ะ เหมือนเขาพูดว่า eco แต่ยังใช้ขวดพลาสติกเดิม ๆ ไม่มี refill station จริงจัง,,th,2025-12-12T19:04:33.841912
135,P5,13,Interviewer,แล้วเรื่องกลิ่นมีผลกับการเลือกไหมคะ?,,th,2025-12-12T19:04:39.688824
136,P5,14,Respondent,มีค่ะ ฉันไม่ชอบกลิ่นสังเคราะห์แรง ๆ อยากได้กลิ่นจาก essential oil มากกว่า มันรู้สึกเป็นธรรมชาติและผ่อนคลาย,,th,2025-12-12T19:04:39.688824
137,P5,15,Interviewer,ถ้าแบรนด์อย่าง Sunlight ออกสูตรใหม่ที่เป็น “Plant-based” และลดพลาสติก 50% คุณจะสนใจไหม?,,th,2025-12-12T19:04:46.725808
138,P5,16,Respondent,สนใจนะคะ ถ้ามันทำจริงจังและโปร่งใส ไม่ใช่แค่แปะคำว่า green ไว้เฉย ๆ,,th,2025-12-12T19:04:46.725808
139,P5,17,Interviewer,แล้วเวลาคุณซื้อดูจากช่องทางไหนคะ?,,th,2025-12-12T19:04:53.562357
140,P5,18,Respondent,ส่วนใหญ่ซื้อออนไลน์ค่ะ เพราะพวกแบรนด์ธรรมชาติมักไม่มีขายในห้างใหญ่ แล้วก็อ่านรีวิวเยอะก่อนซื้อ,,th,2025-12-12T19:04:53.562357
141,P5,19,Interviewer,แล้วราคามีผลต่อการตัดสินใจไหมคะ?,,th,2025-12-12T19:05:03.958865
142,P5,20,Respondent,มีบ้าง แต่ถ้าของดีจริง ฉันยอมจ่ายแพงขึ้นได้นิดหน่อย เพราะมันรู้สึกว่าเราช่วยโลกด้วย,,th,2025-12-12T19:05:03.958865
143,P5,21,Interviewer,แล้วถ้ามีสูตรที่ล้างดีมากแต่มีสารเคมีเยอะ กับสูตรอ่อนโยนแต่ต้องล้างสองรอบ คุณจะเลือกอะไร?,,th,2025-12-12T19:05:10.279221
144,P5,22,Respondent,เลือกสูตรอ่อนโยนค่ะ เพราะรู้สึกดีกว่าในระยะยาว ถึงจะต้องล้างเพิ่มก็โอเค,,th,2025-12-12T19:05:10.279221
145,P5,23,Interviewer,แล้วมีอะไรที่คุณอยากให้แบรนด์ปรับไหมคะ?,,th,2025-12-12T19:05:18.175825
146,P5,24,Respondent,อยากให้ทำระบบ refill หรือให้ขวดคืนได้ในร้านสะดวกซื้อ เหมือนในต่างประเทศ แล้วก็อยากให้เปิดเผยส่วนผสมชัดเจนกว่านี้,,th,2025-12-12T19:05:18.175825
147,P5,25,Interviewer,สุดท้าย ถ้ามีเพื่อนมาถามว่า “ทำไมน้ำยาล้างจานถึงสำคัญกับเรื่องสิ่งแวดล้อม?” คุณจะตอบว่าอะไรคะ?,,th,2025-12-12T19:05:24.992916
148,P5,26,Respondent,เพราะมันคือของที่เราใช้ทุกวัน ถ้ามีสารตกค้างลงท่อทุกวันก็สะสมในน้ำ ในดิน ถ้าเราเลือกของที่ย่อยสลายได้ มันช่วยมากในภาพรวมค่ะ,,th,2025-12-12T19:05:24.992916
149,P6,1,Interviewer,ที่ร้านใช้น้ำยาล้างจานยี่ห้ออะไรอยู่ตอนนี้คะ?,,th,2025-12-12T19:05:34.002819
150,P6,2,Respondent,ส่วนใหญ่ใช้ LiponF ครับ บางทีมีโปรของ Sunlight ก็ซื้อไว้บ้าง แต่หลัก ๆ คือ LiponF เพราะเข้มข้นกว่า,,th,2025-12-12T19:05:34.002819
151,P6,3,Interviewer,เพราะอะไรถึงเลือก LiponF เป็นหลักครับ?,,th,2025-12-12T19:05:44.402606
152,P6,4,Respondent,ใช้ปริมาณน้อยแต่ล้างได้เยอะ ล้างหม้อกระทะมัน ๆ ก็ออกดี มันประหยัดกว่า เวลาซื้อเป็นแกลลอน ราคาต่อจานต่ำกว่าพวกแบรนด์ทั่วไป,,th,2025-12-12T19:05:44.402606
153,P6,5,Interviewer,แล้วเคยลองแบรนด์อื่นไหมคะ?,,th,2025-12-12T19:05:54.253223
154,P6,6,Respondent,ลองครับ พวกแบรนด์โรงงาน ถูกกว่าอีกแต่กลิ่นแรงมาก ล้างเสร็จเหมือนยังมีกลิ่นเคมีติด เลยกลับมาใช้ LiponF เหมือนเดิม,,th,2025-12-12T19:05:54.253223
155,P6,7,Interviewer,แล้วเวลาซื้อดูจากอะไรเป็นหลักครับ?,,th,2025-12-12T19:06:03.891211
156,P6,8,Respondent,ราคาต่อปริมาณกับคุณภาพ คือต้องคุ้ม ถ้าเจอโปรซื้อยกลังเลย ร้านเราใช้หมดเร็ว,,th,2025-12-12T19:06:03.891211
157,P6,9,Interviewer,แล้วในแง่ของความสะดวก อะไรที่สำคัญกับคุณมากที่สุดคะ?,,th,2025-12-12T19:06:11.389469
158,P6,10,Respondent,อยากได้แบบหัวปั๊มหรือถังเติมได้ พนักงานไม่ต้องเทจากขวดใหญ่ให้หก เสียของ,,th,2025-12-12T19:06:11.389469
159,P6,11,Interviewer,เคยมีปัญหาเรื่องมือแห้งหรือระคายเคืองไหมคะ?,,th,2025-12-12T19:06:17.906264
160,P6,12,Respondent,พนักงานเคยบ่นครับ แต่ผมก็บอกให้ใส่ถุงมือ ส่วนตัวผมไม่ได้ซีเรียสเรื่องนี้เท่าไหร่ ขอให้ล้างมันออกเร็วเป็นพอ,,th,2025-12-12T19:06:17.906264
161,P6,13,Interviewer,ระหว่าง LiponF กับ Sunlight คุณมองความต่างยังไงครับ?,,th,2025-12-12T19:06:24.721878
162,P6,14,Respondent,LiponF เข้มข้นกว่า เหมาะกับร้าน Sunlight กลิ่นหอมแต่ดูเหมาะกับใช้ในบ้านมากกว่า,,th,2025-12-12T19:06:24.721878
163,P6,15,Interviewer,ถ้ามีสูตรใหม่ที่บอกว่าล้างได้ไวขึ้น 30% แต่ราคาเพิ่มขึ้น 15% คุณจะสนใจไหมครับ?,,th,2025-12-12T19:06:33.791224
164,P6,16,Respondent,ถ้ามันช่วยลดเวลาได้จริง ผมโอเคเลยครับ เพราะเวลาคือเงิน แต่ต้องพิสูจน์ได้ ไม่ใช่แค่คำโฆษณา,,th,2025-12-12T19:06:33.791224
165,P6,17,Interviewer,แล้วในแง่ของความรู้สึกต่อแบรนด์ คุณรู้สึกยังไงบ้างคะ?,,th,2025-12-12T19:06:39.736474
166,P6,18,Respondent,LiponF รู้สึกว่าเป็นของคนไทย ไว้ใจได้ ไม่ต้องคิดเยอะ Sunlight จะดูเป็นของเมืองนอก สีสันเยอะ แต่ผมมองว่ามันเปลืองกว่า,,th,2025-12-12T19:06:39.736474
167,P6,19,Interviewer,แล้วเรื่องฟองล่ะคะ? มีผลไหม?,,th,2025-12-12T19:06:46.403759
168,P6,20,Respondent,มีครับ ถ้าฟองเยอะไปมันล้างออกยาก เปลืองน้ำอีก อยากให้ฟองกำลังดี ล้างสองรอบพอ,,th,2025-12-12T19:06:46.403759
169,P6,21,Interviewer,ถ้ามีระบบ refill ใหญ่สำหรับร้านอาหาร คุณจะใช้ไหมครับ?,,th,2025-12-12T19:06:55.012295
170,P6,22,Respondent,ใช้แน่นอนครับ เพราะซื้อง่ายกว่า เก็บง่าย ลดขยะขวดพลาสติกด้วย ถ้ามีบริการส่งถึงร้านยิ่งดี,,th,2025-12-12T19:06:55.012295
171,P6,23,Interviewer,แล้วมีอะไรอยากให้แบรนด์ปรับปรุงไหมครับ?,,th,2025-12-12T19:07:07.794759
172,P6,24,Respondent,อยากให้มีสูตรสำหรับร้านอาหารโดยเฉพาะ เข้มข้นกว่าแต่ปลอดภัยกับมือ แล้วก็อยากให้กลิ่นไม่แรงเกินไป,,th,2025-12-12T19:07:07.794759
173,P6,25,Interviewer,ถ้ามีเพื่อนเจ้าของร้านถามว่า “ยี่ห้อไหนคุ้มสุด?” คุณจะตอบว่าอะไรครับ?,,th,2025-12-12T19:07:20.688439
174,P6,26,Respondent,LiponF ครับ เพราะใช้มานาน ไม่เคยมีปัญหา คุ้มทั้งราคาและความสะอาด,,th,2025-12-12T19:07:20.688439
175,P7,1,Interviewer,ปกติในโรงแรมใช้ยี่ห้อน้ำยาล้างจานอะไรคะ?,,th,2025-12-12T19:07:28.535579
176,P7,2,Respondent,ส่วนใหญ่ใช้ของที่โรงแรมจัดให้ค่ะ เห็นเป็นถังใหญ่มีโลโก้ LiponF แต่ไม่แน่ใจสูตรไหน บางทีก็มี Sunlight ตามฤดูกาล,,th,2025-12-12T19:07:28.535579
177,P7,3,Interviewer,แล้วเวลาล้างจานหรือแก้ว คุณให้ความสำคัญกับอะไรเป็นหลักคะ?,,th,2025-12-12T19:07:38.356627
178,P7,4,Respondent,ความเงา ต้องไม่มีคราบมันหรือคราบน้ำเลยค่ะ โดยเฉพาะแก้วไวน์ ถ้ามีรอยนิดเดียว หัวหน้าก็ให้ล้างใหม่,,th,2025-12-12T19:07:38.356627
179,P7,5,Interviewer,แล้วรู้สึกต่างไหมระหว่าง LiponF กับ Sunlight?,,th,2025-12-12T19:07:49.897021
180,P7,6,Respondent,ต่างค่ะ LiponF ล้างมันออกง่ายกว่า แต่ฟองเยอะกว่าหน่อย ต้องใช้น้ำเยอะเวลาแก้วเยอะๆ ส่วน Sunlight ล้างออกง่าย ฟองละเอียดดี แต่รู้สึกล้างมันหนักๆ จะไม่หมดเท่า LiponF,,th,2025-12-12T19:07:49.897021
181,P7,7,Interviewer,เรื่องกลิ่นมีผลไหมคะ?,,th,2025-12-12T19:08:07.103962
182,P7,8,Respondent,มีบ้างค่ะ กลิ่นต้องไม่แรง เพราะบางทีต้องล้างใกล้ๆ โซนเตรียมอาหาร กลัวกลิ่นแรงจะไปโดนอาหาร,,th,2025-12-12T19:08:07.103962
183,P7,9,Interviewer,แล้วเคยมีปัญหามือแห้งไหม?,,th,2025-12-12T19:08:14.321127
184,P7,10,Respondent,เคยค่ะ เพราะล้างวันละหลายรอบ แต่ใส่ถุงมือช่วยได้ ถ้าใช้สูตรแรงเกินไปก็จะรู้สึกคันๆ ที่ข้อมือ,,th,2025-12-12T19:08:14.321127
185,P7,11,Interviewer,แล้วในแง่ของความสะดวกเวลาทำงานล่ะคะ?,,th,2025-12-12T19:08:22.329547
186,P7,12,Respondent,อยากให้มีหัวปั๊มหรือหัวจ่ายอัตโนมัติค่ะ ตอนนี้ต้องเทใส่ถังเอง บางทีก็หก เปลืองของ,,th,2025-12-12T19:08:22.329547
187,P7,13,Interviewer,แล้วคุณคิดว่าแบรนด์ที่ใช้ตอนนี้ตอบโจทย์ไหม?,,th,2025-12-12T19:08:29.545655
188,P7,14,Respondent,ตอบโจทย์เรื่องล้างมันดี แต่ยังไม่ค่อยตอบโจทย์เรื่องล้างเร็วหรือฟอง เพราะต้องใช้น้ำเยอะ อยากให้มีสูตรที่ล้างไว ฟองหมดเร็วแต่ยังสะอาดเหมือนเดิม,,th,2025-12-12T19:08:29.545655
189,P7,15,Interviewer,ถ้ามีสูตรใหม่ที่เขียนว่า “ล้างเร็วขึ้น 50% และช่วยให้แก้วใสขึ้น” คุณสนใจไหมคะ?,,th,2025-12-12T19:08:42.318625
190,P7,16,Respondent,สนใจค่ะ ถ้ามันช่วยลดเวลาล้างได้จริง เพราะเราต้องแข่งกับเวลาในช่วงเร่งด่วนตอนเที่ยง,,th,2025-12-12T19:08:42.318625
191,P7,17,Interviewer,แล้วคุณรู้สึกอย่างไรกับ Sunlight เวลาเห็นในโฆษณา?,,th,2025-12-12T19:08:52.369779
192,P7,18,Respondent,ดูสะอาด ดูหอม แต่ไม่ค่อยนึกถึงในโรงแรม มันดูเป็นแบรนด์สำหรับใช้ในบ้านมากกว่า,,th,2025-12-12T19:08:52.369779
193,P7,19,Interviewer,แล้วกับ LiponF ล่ะคะ?,,th,2025-12-12T19:09:04.639360
194,P7,20,Respondent,ดูเหมือนของมืออาชีพ ใช้ในร้านอาหาร โรงแรม เชื่อถือได้ แต่กลิ่นกับฟองยังเยอะไปหน่อย,,th,2025-12-12T19:09:04.639360
195,P7,21,Interviewer,ถ้าให้เลือกสูตรในอุดมคติสำหรับโรงแรมของคุณ อยากได้แบบไหน?,,th,2025-12-12T19:09:18.033895
196,P7,22,Respondent,อยากได้แบบเข้มข้นแต่ล้างออกง่าย ฟองน้อย กลิ่นอ่อน และล้างแล้วแก้วใสเงาเลย จะดีมาก,,th,2025-12-12T19:09:18.033895
197,P7,23,Interviewer,สุดท้าย ถ้ามีเพื่อนที่ทำงานในโรงแรมอื่นถามว่า “ใช้น้ำยาล้างจานอะไรดี?” คุณจะตอบว่าอะไรคะ?,,th,2025-12-12T19:09:30.596385
198,P7,24,Respondent,แนะนำ LiponF ค่ะ เพราะล้างมันออกดีมาก แต่จะบอกให้เลือกสูตรที่ฟองน้อยหน่อย จะได้ล้างไว,,th,2025-12-12T19:09:30.596385
199,P8,1,Interviewer,ปกติคุณแม่ใช้ยี่ห้อน้ำยาล้างจานอะไรคะ?,,th,2025-12-12T19:09:41.157900
200,P8,2,Respondent,แม่ใช้ LiponF มานานแล้วลูก บางครั้งลูกสาวซื้อ Sunlight มาให้ ก็ใช้สลับกัน แต่ส่วนมากจะเป็น LiponF เพราะคุ้นมือ,,th,2025-12-12T19:09:41.157900
201,P8,3,Interviewer,ทำไมถึงชอบ LiponF เป็นหลักคะ?,,th,2025-12-12T19:09:52.448507
202,P8,4,Respondent,มันล้างดี คราบมันออกหมด แล้วกลิ่นมันสะอาดดี รู้สึกว่าจานไม่ลื่น ไม่มีกลิ่นตกค้างเลย เหมือนของสมัยก่อนที่ใช้แล้วมั่นใจ,,th,2025-12-12T19:09:52.448507
203,P8,5,Interviewer,แล้วรู้สึกต่างยังไงเวลาใช้ Sunlight คะ?,,th,2025-12-12T19:10:02.977815
204,P8,6,Respondent,Sunlight กลิ่นหอมสดชื่นดีนะ แต่บางทีแรงไปนิด มือจะตึงๆ แต่กลิ่นเลมอนมันชื่นใจ เวลาใช้ตอนเช้าเหมือนบ้านสะอาดขึ้นเลย,,th,2025-12-12T19:10:02.977815
205,P8,7,Interviewer,ถ้าให้พูดถึงสิ่งที่สำคัญที่สุดเวลาเลือกซื้อน้ำยาล้างจานคืออะไรคะ?,,th,2025-12-12T19:10:09.795115
206,P8,8,Respondent,กลิ่นค่ะ อยากให้หอมสะอาด เวลาเก็บจานในตู้แล้วไม่มีกลิ่น กับต้องล้างคราบมันได้ดี โดยไม่ต้องขัดเยอะ,,th,2025-12-12T19:10:09.795115
207,P8,9,Interviewer,แล้วเคยเจอปัญหามือแห้งไหมคะ?,,th,2025-12-12T19:10:20.316648
208,P8,10,Respondent,เคยค่ะ พออายุมือจะไวต่อของแรงๆ ถ้าใช้ของที่แรงมากก็จะแสบ เลยชอบสูตรที่เขียนว่า อ่อนโยนต่อมือ,,th,2025-12-12T19:10:20.316648
209,P8,11,Interviewer,แล้วเวลาซื้อดูจากอะไรเป็นหลักคะ?,,th,2025-12-12T19:10:24.520011
210,P8,12,Respondent,ส่วนมากดูยี่ห้อกับกลิ่น แม่ไม่ค่อยดูราคาเท่าไหร่ เพราะใช้ขวดหนึ่งนานหลายอาทิตย์ อยากได้ที่มั่นใจว่าล้างสะอาด ไม่ทำให้มือแห้ง,,th,2025-12-12T19:10:24.520011
211,P8,13,Interviewer,แล้วภาพจำของแต่ละแบรนด์ในใจแม่เป็นยังไงบ้างคะ?,,th,2025-12-12T19:10:35.561500
212,P8,14,Respondent,LiponF คือของคนไทย ใช้มาตั้งแต่รุ่นแม่ รู้สึกไว้ใจได้ Sunlight ดูสมัยใหม่ กลิ่นหอม แต่เหมาะกับคนรุ่นใหม่มากกว่า,,th,2025-12-12T19:10:35.561500
213,P8,15,Interviewer,ถ้ามีสูตรใหม่ที่บอกว่าล้างมันดีและช่วยถนอมมือด้วย แม่สนใจไหมคะ?,,th,2025-12-12T19:10:45.210171
214,P8,16,Respondent,สนใจเลยลูก เพราะแม่ชอบล้างเองทุกวัน อยากให้มือนุ่มๆ ไม่แห้ง ถ้ามีกลิ่นหอมอ่อนๆ แบบดอกไม้จะดีมาก,,th,2025-12-12T19:10:45.210171
215,P8,17,Interviewer,แล้วเรื่องฟองมีผลไหมคะ?,,th,2025-12-12T19:10:52.657487
216,P8,18,Respondent,ไม่ชอบฟองเยอะ เพราะต้องใช้น้ำเยอะล้างออก อยากให้มีฟองพอดี ล้างแล้วจานใสสะอาด จบในรอบเดียว,,th,2025-12-12T19:10:52.657487
217,P8,19,Interviewer,ถ้ามีแบรนด์ใหม่มาขายบอกว่า “ล้างจานสะอาดเหมือน LiponF แต่กลิ่นหอมแบบ Sunlight” แม่จะลองไหมคะ?,,th,2025-12-12T19:10:58.818055
218,P8,20,Respondent,ลองค่ะ อยากได้แบบรวมข้อดีของทั้งสอง แต่ถ้าไม่รู้จักแบรนด์ ขอให้เห็นว่าผลิตในไทย จะรู้สึกไว้ใจกว่า,,th,2025-12-12T19:10:58.818055
219,P8,21,Interviewer,แล้วถ้ามีเพื่อนมาถามว่า “ยี่ห้อไหนแม่ชอบที่สุด?” แม่จะตอบว่าอะไรคะ?,,th,2025-12-12T19:11:06.760914
220,P8,22,Respondent,ก็คง LiponF เพราะใช้มานาน มั่นใจ แต่ถ้าให้พูดถึงกลิ่นหอม ก็ต้อง Sunlight เขาเก่งเรื่องกลิ่นจริงๆ,,th,2025-12-12T19:11:06.760914
221,P9,1,Interviewer,ปกติใช้ยี่ห้อน้ำยาล้างจานอะไรอยู่คะ?,,th,2025-12-12T19:11:13.778452
222,P9,2,Respondent,ใช้ Sunlight ครับ ส่วนใหญ่เพราะหาซื้อง่าย แล้วแพ็กเกจดูสะอาดตา ดี เวลาเอาไว้ข้างซิงค์มันไม่รกสายตา,,th,2025-12-12T19:11:13.778452
223,P9,3,Interviewer,เคยลองแบรนด์อื่นบ้างไหมคะ?,,th,2025-12-12T19:11:20.305233
224,P9,4,Respondent,เคยลอง LiponF อยู่ช่วงนึง แต่รู้สึกกลิ่นแรง แล้วขวดดีไซน์มันบ้าน ๆ ไปหน่อย ไม่เข้ากับห้องครัวผม (หัวเราะ),,th,2025-12-12T19:11:20.305233
225,P9,5,Interviewer,เวลาซื้อเลือกจากอะไรเป็นหลักครับ?,,th,2025-12-12T19:11:26.510690
226,P9,6,Respondent,กลิ่น กับ ดีไซน์ขวดครับ ผมอยู่คอนโด เลยมองของใช้เป็นเหมือนของตกแต่งด้วย ต้องดูเรียบ ๆ สะอาด ๆ ใช้แล้วไม่รู้สึกเหนอะ,,th,2025-12-12T19:11:26.510690
227,P9,7,Interviewer,แล้วเรื่องประสิทธิภาพล่ะครับ ล้างมันดีไหม?,,th,2025-12-12T19:11:35.410915
228,P9,8,Respondent,Sunlight ล้างดีอยู่แล้ว ผมไม่ได้ทำอาหารมันมาก ส่วนใหญ่พวกจานชามกาแฟ กับหม้อหุงข้าว ล้างง่าย แต่ถ้าวันไหนทอดไข่หรือผัดอะไร LiponF จะล้างมันกว่า,,th,2025-12-12T19:11:35.410915
229,P9,9,Interviewer,แสดงว่ามีใช้สลับกันตามเมนู?,,th,2025-12-12T19:11:41.766663
230,P9,10,Respondent,ใช่ครับ แต่ส่วนใหญ่ผมไม่ชอบให้ฟองเยอะ มันดูรก อยากให้ล้างแล้วจบไว ฟองหมดเร็ว,,th,2025-12-12T19:11:41.766663
231,P9,11,Interviewer,กลิ่นมีผลมากไหมคะเวลาตัดสินใจซื้อ?,,th,2025-12-12T19:11:47.561092
232,P9,12,Respondent,เยอะเลยครับ ผมไม่ชอบกลิ่นแรง อยากได้กลิ่นสะอาด ๆ แบบ citrus หรือ herbal ที่ไม่กลบกลิ่นห้องครัว,,th,2025-12-12T19:11:47.561092
233,P9,13,Interviewer,แล้วเคยรู้สึกว่ามือแห้งไหมครับหลังล้าง?,,th,2025-12-12T19:11:51.866995
234,P9,14,Respondent,มีบ้างครับ แต่ผมไม่ซีเรียส แค่ไม่อยากให้รู้สึกตึงมือเกินไป ถ้ามีกลิ่นดี กับ ล้างออกง่าย ถือว่าโอเค,,th,2025-12-12T19:11:51.866995
235,P9,15,Interviewer,ถ้ามีแบรนด์ใหม่ที่ทำแพ็กเกจมินิมอล กลิ่นหอมธรรมชาติ และเขียนว่า “ฟองน้อย แต่ล้างมันดี” คุณจะสนใจไหมคะ?,,th,2025-12-12T19:12:04.098427
236,P9,16,Respondent,สนใจครับ ผมชอบของแนว clean design อยู่แล้ว ถ้าขวดสวย วางไว้แล้วดูดี ผมยอมจ่ายแพงกว่านิดนึง,,th,2025-12-12T19:12:04.098427
237,P9,17,Interviewer,แล้วคิดว่า Sunlight กับ LiponF ต่างกันยังไงในมุมของคุณครับ?,,th,2025-12-12T19:12:09.683707
238,P9,18,Respondent,Sunlight ดูเป็น modern brand ของคนรุ่นใหม่ กลิ่นดี ขวดดูสะอาด ส่วน LiponF เป็นแนว practical ใช้ล้างดีแต่ไม่สวย (หัวเราะ),,th,2025-12-12T19:12:09.683707
239,P9,19,Interviewer,แล้วเวลาเห็นโฆษณาน้ำยาล้างจาน คุณรู้สึกยังไงครับ?,,th,2025-12-12T19:12:17.612927
240,P9,20,Respondent,ส่วนใหญ่ดูแล้วไม่ค่อยอิน มันจะออกแนวครอบครัวแม่บ้าน แต่ผมอยากเห็นแบบเรียบ ๆ เท่ ๆ แนวไลฟ์สไตล์คนอยู่คอนโด,,th,2025-12-12T19:12:17.612927
241,P9,21,Interviewer,ถ้ามีแบรนด์ที่ออกแบบสำหรับคนเมืองโดยเฉพาะ คุณคิดว่าจะตอบโจทย์ยังไง?,,th,2025-12-12T19:12:23.928368
242,P9,22,Respondent,อยากให้มันดูเหมือนของใช้ในห้องน้ำ คือสะอาด กลิ่นดี ไม่แรง ดีไซน์ขวดสวย และไม่กินพื้นที่เยอะ,,th,2025-12-12T19:12:23.928368
243,P9,23,Interviewer,ถ้ามีเพื่อนอยู่ห้องคอนโดเล็กๆ เหมือนกันถามว่า “น้ำยาล้างจานอันไหนดี?” คุณจะแนะนำอะไรครับ?,,th,2025-12-12T19:12:31.764741
244,P9,24,Respondent,Sunlight ครับ เพราะใช้สบาย กลิ่นดี ล้างออกง่าย แต่ถ้าวันไหนทำเมนูมัน ๆ ผมก็มี LiponF สำรองไว้ล้าง,,th,2025-12-12T19:12:31.764741
245,P10,1,Interviewer,ปกติใครล้างจานที่บ้านคะ?,,th,2025-12-12T19:12:40.825889
246,P10,2,Respondent,ผมกับลูกสาวคนโตช่วยกันครับ เหมือนเป็นกิจกรรมหลังมื้อเย็น ภรรยาทำอาหาร ผมกับลูกก็ช่วยเก็บโต๊ะ ล้างจาน คุยกันไปด้วย,,th,2025-12-12T19:12:40.825889
247,P10,3,Interviewer,ที่บ้านใช้ยี่ห้อน้ำยาล้างจานอะไรอยู่ครับ?,,th,2025-12-12T19:12:42.857749
248,P10,4,Respondent,ส่วนใหญ่ใช้ Sunlight ครับ บางทีภรรยาซื้อ LiponF มาบ้าง แต่ผมชอบ Sunlight กลิ่นหอม ลูกบอกว่าล้างแล้วมือไม่แห้ง,,th,2025-12-12T19:12:42.857749
249,P10,5,Interviewer,อะไรที่ทำให้เลือก Sunlight ครับ?,,th,2025-12-12T19:12:49.072478
250,P10,6,Respondent,กลิ่นมันหอมสดชื่น เวลาใช้ล้างด้วยกันแล้วบรรยากาศดี เหมือนห้องครัวสะอาดขึ้นเลย อีกอย่างฟองไม่เยอะเกินไป ล้างออกง่าย,,th,2025-12-12T19:12:49.072478
251,P10,7,Interviewer,แล้วรู้สึกต่างยังไงเวลาภรรยาใช้ LiponF?,,th,2025-12-12T19:12:58.441138
252,P10,8,Respondent,LiponF เข้มข้นดี ล้างมันออกจริง แต่กลิ่นจะเข้ม ลูกไม่ค่อยชอบ บ่นว่าแรงไปหน่อย,,th,2025-12-12T19:12:58.441138
253,P10,9,Interviewer,ถ้าให้เลือกระหว่าง “ล้างมันดีมากแต่กลิ่นแรง” กับ “กลิ่นดีแต่ต้องล้างสองรอบ” คุณเลือกอะไรครับ?,,th,2025-12-12T19:13:05.370019
254,P10,10,Respondent,ผมเลือกอย่างหลังครับ เพราะอยากให้ลูกช่วยได้ ถ้ากลิ่นแรงเกิน เด็กจะไม่อยากล้าง,,th,2025-12-12T19:13:05.370019
255,P10,11,Interviewer,แล้วเรื่องมือแห้ง มีผลไหมครับ?,,th,2025-12-12T19:13:11.874597
256,P10,12,Respondent,มีครับ ภรรยาจะบ่นถ้าใช้ของแรง ผมเลยพยายามเลือกสูตรที่เขียนว่าอ่อนโยนต่อมือ,,th,2025-12-12T19:13:11.874597
257,P10,13,Interviewer,เวลาซื้อดูอะไรเป็นหลักครับ?,,th,2025-12-12T19:13:17.431352
258,P10,14,Respondent,กลิ่น ความปลอดภัย กับ โปร บางทีซื้อแบบ refill แพ็กใหญ่ เก็บไว้เลย เพราะล้างทุกวัน,,th,2025-12-12T19:13:17.431352
259,P10,15,Interviewer,ในมุมของคุณพ่อ น้ำยาล้างจานมีความหมายยังไงกับชีวิตประจำวัน?,,th,2025-12-12T19:13:25.199253
260,P10,16,Respondent,มันเหมือนของที่ทำให้บ้านสะอาด แต่ก็เป็นเครื่องมือเชื่อมความสัมพันธ์ในบ้านด้วย ตอนล้างจานจะได้คุยกับลูก ถามเรื่องโรงเรียน,,th,2025-12-12T19:13:25.199253
261,P10,17,Interviewer,แล้วภาพจำของแบรนด์ต่างๆ ในหัวคืออะไรครับ?,,th,2025-12-12T19:13:32.224457
262,P10,18,Respondent,Sunlight = กลิ่นดี เหมาะกับครอบครัว LiponF = เข้มข้น เหมาะกับร้านอาหารหรือบ้านที่ทำกับข้าวมันๆ,,th,2025-12-12T19:13:32.224457
263,P10,19,Interviewer,ถ้ามีแบรนด์ใหม่ที่บอกว่า “ล้างมันดี แต่สูตรธรรมชาติและปลอดภัยกับเด็ก” คุณสนใจไหมครับ?,,th,2025-12-12T19:13:40.043096
264,P10,20,Respondent,สนใจเลยครับ ถ้ามันจริง เพราะตอนนี้ลูกสาวคนเล็กเริ่มล้างได้ อยากให้เขาใช้ของที่ปลอดภัย,,th,2025-12-12T19:13:40.043096
265,P10,21,Interviewer,ถ้ามีเพื่อนบ้านถามว่า “ใช้ยี่ห้อไหนดี?” คุณจะตอบว่าอะไรครับ?,,th,2025-12-12T19:13:46.970637
266,P10,22,Respondent,บอกว่า Sunlight ครับ กลิ่นหอม ล้างง่าย มือไม่แห้ง เด็กๆ ก็ชอบ,,th,2025-12-12T19:13:46.970637
267,P11,1,Interviewer,ปกติที่บ้านใช้น้ำยาล้างจานยี่ห้ออะไรอยู่ครับ?,,th,2025-12-12T19:13:57.702363
268,P11,2,Respondent,ส่วนใหญ่ใช้ LiponF ครับ ซื้อแกลลอนใหญ่ที่ร้านของชำหน้าปากซอย ใช้ได้นาน ล้างมันดี,,th,2025-12-12T19:13:57.702363
269,P11,3,Interviewer,ทำไมถึงเลือก LiponF เป็นหลักครับ?,,th,2025-12-12T19:14:04.447755
270,P11,4,Respondent,เพราะมันคุ้ม ขวดหนึ่งใช้ได้เป็นเดือน ล้างพวกจานมัน ๆ จากอาหารทอดได้หมด ไม่ต้องบีบเยอะ,,th,2025-12-12T19:14:04.447755
271,P11,5,Interviewer,เคยลองแบรนด์อื่นไหมครับ เช่น Sunlight หรือแบรนด์ทั่วไป?,,th,2025-12-12T19:14:12.356210
272,P11,6,Respondent,เคยครับ Sunlight กลิ่นดีแต่ราคาสูงกว่า แล้วรู้สึกมันเบากว่า ต้องบีบเยอะกว่าจะสะอาด ส่วนพวกแบรนด์ทั่วไปกลิ่นแรง บางทีเหม็นเลย,,th,2025-12-12T19:14:12.356210
273,P11,7,Interviewer,แล้วคุณล้างจานยังไงครับ ใช้น้ำเยอะไหม?,,th,2025-12-12T19:14:20.633366
274,P11,8,Respondent,ล้างข้างบ้านเลยครับ ใช้กะละมัง มีน้ำก๊อกต่อสายยางไว้ ไม่อยากเปลืองน้ำ ต้องล้างให้ไว เพราะบางวันล้างเป็นสิบ ๆ จาน,,th,2025-12-12T19:14:20.633366
275,P11,9,Interviewer,แล้วฟองมีผลไหมครับเวลาล้าง?,,th,2025-12-12T19:14:28.791929
276,P11,10,Respondent,ไม่ชอบฟองเยอะครับ เพราะมันล้างออกยาก ต้องใช้น้ำเยอะกว่า อยากให้ฟองน้อยแต่สะอาด,,th,2025-12-12T19:14:28.791929
277,P11,11,Interviewer,แล้วรู้สึกยังไงกับกลิ่นของ LiponF?,,th,2025-12-12T19:14:34.517607
278,P11,12,Respondent,กลิ่นสะอาดดี ไม่แรงเกิน บางที Sunlight หอมเกินไป เหมือนของหรู (หัวเราะ) แต่ผมชอบแบบกลิ่นกลาง ๆ มากกว่า,,th,2025-12-12T19:14:34.517607
279,P11,13,Interviewer,เวลาซื้อเลือกจากอะไรเป็นหลักครับ?,,th,2025-12-12T19:14:38.672153
280,P11,14,Respondent,ดูโปรก่อนเลยครับ ถ้ามีลดราคาจะซื้อยกลังเลย เพราะใช้ทุกวัน ร้านผัดไทยหน้าบ้านใช้น้ำยาล้างจานเยอะมาก,,th,2025-12-12T19:14:38.672153
281,P11,15,Interviewer,แล้วมีปัญหาเรื่องมือแห้งไหมครับ?,,th,2025-12-12T19:14:45.410881
282,P11,16,Respondent,มีนิดหน่อย แต่ไม่ซีเรียส เพราะใส่ถุงมืออยู่แล้ว ล้างให้ไวสุดสำคัญกว่า,,th,2025-12-12T19:14:45.410881
283,P11,17,Interviewer,ถ้ามีแบรนด์ใหม่ออกมาบอกว่า “ล้างมันกว่า ประหยัดน้ำกว่า” จะลองไหมครับ?,,th,2025-12-12T19:14:51.283873
284,P11,18,Respondent,ลองครับ แต่ต้องไม่แพง ถ้าขวดใหญ่ราคาดี ล้างดีเหมือน LiponF ก็พร้อมเปลี่ยน,,th,2025-12-12T19:14:51.283873
285,P11,19,Interviewer,แล้วคิดว่า LiponF กับ Sunlight ต่างกันยังไงในมุมคุณครับ?,,th,2025-12-12T19:14:58.601052
286,P11,20,Respondent,LiponF เหมือนของบ้านเรา ล้างดี คุ้ม ส่วน Sunlight ดูของคนเมือง หอมแต่ไม่คุ้มเท่า,,th,2025-12-12T19:14:58.601052
287,P11,21,Interviewer,ถ้ามีเพื่อนในหมู่บ้านถามว่า “ยี่ห้อไหนดีสุด?” คุณจะตอบว่าอะไรครับ?,,th,2025-12-12T19:15:06.588235
288,P11,22,Respondent,บอกว่า LiponF แน่นอนครับ ล้างมันดี คุ้มสุด ไม่ต้องใช้น้ำเยอะ,,th,2025-12-12T19:15:06.588235
289,P12,1,Interviewer,ที่ออฟฟิศใช้ยี่ห้อน้ำยาล้างจานอะไรอยู่คะ?,,th,2025-12-12T19:15:14.937831
290,P12,2,Respondent,ตอนนี้ใช้ Sunlight ครับ เพราะซื้อจาก Makro ง่าย แล้วดูเป็นแบรนด์ที่พนักงานคุ้นเคย ไม่ต้องอธิบายวิธีใช้,,th,2025-12-12T19:15:14.937831
291,P12,3,Interviewer,ทำไมถึงเลือก Sunlight คะ?,,th,2025-12-12T19:15:22.814572
292,P12,4,Respondent,เพราะดูสะอาด กลิ่นหอม แล้วภาพลักษณ์แบรนด์มันดูเรียบร้อย เวลามีลูกค้ามาที่ออฟฟิศเห็นในครัวก็รู้สึกว่าเราใส่ใจรายละเอียดเล็ก ๆ แบบนี้,,th,2025-12-12T19:15:22.814572
293,P12,5,Interviewer,เคยลองแบรนด์อื่นบ้างไหมครับ เช่น LiponF?,,th,2025-12-12T19:15:31.253564
294,P12,6,Respondent,เคยครับ LiponF ล้างมันดี แต่รู้สึกว่ากลิ่นแรง ดูเหมาะกับร้านอาหารมากกว่า ส่วน Sunlight มันหอมอ่อน ล้างแก้วกาแฟแล้วไม่มีกลิ่นตกค้าง,,th,2025-12-12T19:15:31.253564
295,P12,7,Interviewer,แล้วใครเป็นคนล้างจานในออฟฟิศครับ?,,th,2025-12-12T19:15:42.033489
296,P12,8,Respondent,แม่บ้านครับ แต่ผมก็ช่วยล้างบางที เวลาเครื่องชงกาแฟมันเลอะ อยากให้ดูสะอาดตลอดเวลา,,th,2025-12-12T19:15:42.033489
297,P12,9,Interviewer,สิ่งที่สำคัญที่สุดในการเลือกน้ำยาล้างจานสำหรับออฟฟิศคืออะไรครับ?,,th,2025-12-12T19:15:47.770212
298,P12,10,Respondent,ต้องล้างออกง่าย ไม่มีกลิ่นตกค้าง แล้วขวดต้องดูสะอาด ไม่เลอะเทอะ เพราะครัวอยู่ใกล้โซนประชุม,,th,2025-12-12T19:15:47.770212
299,P12,11,Interviewer,แล้วเวลาซื้อ ดูอะไรเป็นหลักครับ?,,th,2025-12-12T19:15:56.818034
300,P12,12,Respondent,ดูยี่ห้อ กลิ่น กับแพ็กเกจครับ ผมชอบพวกแบบหัวปั๊ม ดูเรียบร้อย สะดวกสำหรับพนักงาน,,th,2025-12-12T19:15:56.818034
301,P12,13,Interviewer,เคยมีปัญหาอะไรไหมกับน้ำยาล้างจานที่ใช้?,,th,2025-12-12T19:16:02.535833
302,P12,14,Respondent,บางทีพนักงานบ่นว่าฟองเยอะไป ล้างนาน ผมเลยให้เปลี่ยนเป็นสูตร Sunlight ฟองน้อย ช่วยประหยัดน้ำด้วย,,th,2025-12-12T19:16:02.535833
303,P12,15,Interviewer,ถ้ามีแบรนด์ใหม่ออกสูตรสำหรับออฟฟิศโดยเฉพาะ คุณสนใจไหมครับ?,,th,2025-12-12T19:16:10.191931
304,P12,16,Respondent,สนใจเลยครับ อยากได้แบบกลิ่นสะอาด ฟองน้อย ขวดสวย ดูโปร เหมาะกับออฟฟิศมากกว่าครัวบ้าน,,th,2025-12-12T19:16:10.191931
305,P12,17,Interviewer,แล้วมอง LiponF กับ Sunlight ต่างกันยังไงในมุมคุณครับ?,,th,2025-12-12T19:16:19.271763
306,P12,18,Respondent,LiponF คือของคนทำงานหนักในครัว Sunlight คือของคนที่ใส่ใจความสะอาดและความรู้สึก มันดู friendly กว่า,,th,2025-12-12T19:16:19.271763
307,P12,19,Interviewer,ถ้ามีสูตรใหม่ที่บอกว่า “ล้างสะอาดเหมือน LiponF แต่กลิ่นหอมอ่อนแบบ Sunlight” คุณจะลองไหมครับ?,,th,2025-12-12T19:16:25.736455
308,P12,20,Respondent,แน่นอนครับ เพราะจะได้ความสะอาดแบบมืออาชีพ แต่ยังคงภาพลักษณ์สะอาดเรียบของออฟฟิศไว้,,th,2025-12-12T19:16:25.736455
309,P12,21,Interviewer,ถ้ามีเพื่อนที่เปิดบริษัทถามว่า “ยี่ห้อไหนดีสำหรับออฟฟิศ?” คุณจะตอบว่าอะไรครับ?,,th,2025-12-12T19:16:33.610482
310,P12,22,Respondent,Sunlight ครับ ใช้ได้ทุกที่ กลิ่นดี ไม่แรง ขวดสวย พนักงานชอบ,,th,2025-12-12T19:16:33.610482
311,P13,1,Interviewer,ปกติคุณใช้ยี่ห้อน้ำยาล้างจานอะไรคะในครัว?,,th,2025-12-12T19:16:44.176021
312,P13,2,Respondent,ตอนนี้ใช้ Sunlight ค่ะ แต่ไม่ใช่ทุกสูตรนะคะ ต้องเป็นขวดโทนสีขาว-เหลืองแบบเลมอนหรือสูตรธรรมชาติ เพราะเข้ากับบ้านค่ะ (หัวเราะ),,th,2025-12-12T19:16:44.176021
313,P13,3,Interviewer,แปลว่าดีไซน์ขวดมีผลต่อการเลือกด้วยเหรอคะ?,,th,2025-12-12T19:16:50.211487
314,P13,4,Respondent,มีมากเลยค่ะ เพราะบ้านเราถ่ายคอนเทนต์ตลอด ถ้าวางขวดสีจัด ๆ มันจะโดดออกมาเกินไป บางทีต้องเทใส่ขวดหัวปั๊มที่เป็นโทนขาวเพื่อให้เข้ากับครัว,,th,2025-12-12T19:16:50.211487
315,P13,5,Interviewer,แล้วเวลาล้างจริง ๆ คุณรู้สึกยังไงกับ Sunlight?,,th,2025-12-12T19:16:54.866804
316,P13,6,Respondent,ใช้ดีค่ะ กลิ่นหอมสะอาด ฟองไม่เยอะ ล้างง่าย เหมาะกับคนที่ไม่ได้ทำอาหารมันมาก อย่างเราส่วนใหญ่ทำอาหารคลีน ๆ จานไม่ค่อยมัน,,th,2025-12-12T19:16:54.866804
317,P13,7,Interviewer,เคยลอง LiponF ไหมคะ?,,th,2025-12-12T19:17:03.214365
318,P13,8,Respondent,เคยค่ะ ตอนอยู่บ้านแม่ ใช้ดีมาก ล้างมันออกหมดเลย แต่กลิ่นกับแพ็กเกจมันไม่เข้ากับครัวเรา (หัวเราะ) มันดูอุตสาหกรรมไปหน่อย,,th,2025-12-12T19:17:03.214365
319,P13,9,Interviewer,เวลาซื้อเลือกจากอะไรเป็นหลักคะ?,,th,2025-12-12T19:17:12.783300
320,P13,10,Respondent,กลิ่นก่อนค่ะ อยากได้กลิ่นแบบธรรมชาติ สดชื่น ไม่เคมี แล้วก็ขวดต้องดูดี ถือถ่ายในคลิปแล้วไม่รู้สึกว่ากำลังโฆษณาแบรนด์ใดแบรนด์หนึ่งจ๋าเกินไป,,th,2025-12-12T19:17:12.783300
321,P13,11,Interviewer,ถ้ามีแบรนด์ที่ออกแบบน้ำยาล้างจาน “แนวมินิมอลดีไซน์” คุณคิดว่าจะน่าสนใจไหม?,,th,2025-12-12T19:17:21.253842
322,P13,12,Respondent,มากค่ะ ถ้ามีแบรนด์ที่กล้าทำขวดเรียบ ๆ สีขาว-เทา แล้วเน้นคำว่า natural หรือ sustainable จะน่าสนใจมาก โดยเฉพาะคนรุ่นใหม่ที่มองของใช้เป็นส่วนหนึ่งของบ้าน ไม่ใช่แค่ของใช้,,th,2025-12-12T19:17:21.253842
323,P13,13,Interviewer,แล้วคุณสนใจเรื่องความยั่งยืน (sustainability) ไหมคะ?,,th,2025-12-12T19:17:28.321132
324,P13,14,Respondent,สนใจค่ะ ตอนนี้เราเริ่มรีวิวของที่รีไซเคิลได้เยอะขึ้น ถ้าน้ำยาล้างจานทำจากส่วนผสมธรรมชาติ กลิ่นอ่อน ขวดรีฟิลได้ จะเป็นจุดขายที่ดีมาก,,th,2025-12-12T19:17:28.321132
325,P13,15,Interviewer,แล้วเวลาคุณพูดถึงแบรนด์ Sunlight หรือ LiponF ในคลิป คุณจะพูดถึงยังไงคะ?,,th,2025-12-12T19:17:36.647920
326,P13,16,Respondent,Sunlight จะพูดในเชิง lifestyle friendly ค่ะ “กลิ่นดี เข้ากับบ้าน” ส่วน LiponF จะพูดว่า “สูตรเข้มข้น ล้างมันออกดี” แต่จะไม่เน้นภาพ เพราะไม่เข้ากับ mood,,th,2025-12-12T19:17:36.647920
327,P13,17,Interviewer,ถ้ามีแบรนด์ใหม่ที่ให้คุณร่วมคอลแลบดีไซน์แพ็กเกจล้างจาน คุณอยากออกแบบแบบไหน?,,th,2025-12-12T19:17:43.206119
328,P13,18,Respondent,อยากให้เป็นโทนขาวขุ่น เรียบ สกรีนตัวหนังสือสีเทา กลิ่นสะอาดแบบยูคาลิปตัสหรือตะไคร้ แล้วใส่ refill pouch จะได้รักษ์โลกด้วย,,th,2025-12-12T19:17:43.206119
329,P13,19,Interviewer,ถ้ามีเพื่อนที่ทำคอนเทนต์สายบ้านถามว่า “ยี่ห้อไหนดีถ่ายคลิปแล้วดู aesthetic?” คุณจะตอบว่าอะไรคะ?,,th,2025-12-12T19:17:51.833629
330,P13,20,Respondent,Sunlight สูตรธรรมชาติค่ะ หรือไม่ก็แบรนด์ญี่ปุ่นบางตัว แต่ Sunlight หาง่าย ใช้จริงก็ดีด้วย,,th,2025-12-12T19:17:51.833629
331,P14,1,Interviewer,ที่หอใช้ยี่ห้อน้ำยาล้างจานอะไรอยู่คะ?,,th,2025-12-12T19:18:00.722942
332,P14,2,Respondent,ที่นี่ส่วนใหญ่ใช้ Sunlight ครับ เพราะมันมีขายทั่วไป ในซูเปอร์มาร์เก็ต ทุกคนในหอรู้จัก และราคากลาง ๆ ไม่แพง,,th,2025-12-12T19:18:00.722942
333,P14,3,Interviewer,รู้จัก Sunlight ตั้งแต่ก่อนมาเรียนไหม?,,th,2025-12-12T19:18:07.088209
334,P14,4,Respondent,รู้จักอยู่แล้ว ที่ไทยก็เคยใช้ พอมาเห็นที่นี่เลยรู้สึกคุ้น แบบไม่ต้องคิดเยอะ กลิ่นก็เหมือนเดิมเลย (หัวเราะ),,th,2025-12-12T19:18:07.088209
335,P14,5,Interviewer,แล้วเพื่อนต่างชาติชอบไหมคะ?,,th,2025-12-12T19:18:11.191110
336,P14,6,Respondent,ชอบครับ เขาบอกว่ากลิ่นมันสะอาด ไม่แรง ของบางแบรนด์ที่นี่กลิ่นฟลอรัลจัด จนเพื่อนคนยุโรปบ่น แต่ Sunlight เลมอนนี่โอเคกับทุกคน,,th,2025-12-12T19:18:11.191110
337,P14,7,Interviewer,ที่หอใครเป็นคนซื้อน้ำยาล้างจานครับ?,,th,2025-12-12T19:18:15.286201
338,P14,8,Respondent,เราซื้อหมุนกันครับ ใครเห็นหมดก่อนก็ไปซื้อมาวาง เราเลยต้องเลือกแบรนด์ที่ทุกคนใช้ได้ ไม่มีกลิ่นที่คนแพ้,,th,2025-12-12T19:18:15.286201
339,P14,9,Interviewer,แล้วเวลาล้าง คุณสังเกตอะไรเป็นพิเศษไหม?,,th,2025-12-12T19:18:22.174782
340,P14,10,Respondent,อยากให้ล้างออกง่าย เพราะน้ำที่นี่แรงดันสูง ฟองเยอะเกินจะเปลืองน้ำ เราเลยเลือกสูตรฟองน้อย,,th,2025-12-12T19:18:22.174782
341,P14,11,Interviewer,เคยลอง LiponF ไหมครับ?,,th,2025-12-12T19:18:31.354577
342,P14,12,Respondent,ตอนอยู่ไทยเคยครับ เข้มข้นมาก ล้างหม้อทอดได้สบาย แต่ที่นี่ไม่เห็นขาย ถ้ามีคงใช้แน่เพราะคุ้มกว่า,,th,2025-12-12T19:18:31.354577
343,P14,13,Interviewer,แล้วคิดว่า Sunlight ต่างจากแบรนด์ท้องถิ่นยังไงครับ?,,th,2025-12-12T19:18:38.081470
344,P14,14,Respondent,แบรนด์ท้องถิ่นบางตัวเน้นกลิ่นหอมแรงๆ แต่ Sunlight ดูสมดุลกว่า สะอาด หอมแบบธรรมชาติ เหมาะกับหอที่มีคนหลายเชื้อชาติ,,th,2025-12-12T19:18:38.081470
345,P14,15,Interviewer,เวลาซื้อเลือกจากอะไรครับ?,,th,2025-12-12T19:18:48.109462
346,P14,16,Respondent,ราคากับกลิ่นครับ ขวดขนาดกลางจะสะดวกสุด เพราะห้องครัวเล็ก ถ้าขวดใหญ่ไปไม่มีที่วาง,,th,2025-12-12T19:18:48.109462
347,P14,17,Interviewer,แล้วเพื่อนร่วมห้องมีคอมเมนต์เรื่องแบรนด์ไหม?,,th,2025-12-12T19:18:56.948617
348,P14,18,Respondent,เขาชอบ Sunlight เพราะไม่เหลือกลิ่นบนแก้วกาแฟ บางแบรนด์กลิ่นติดจาน เพื่อนบ่นเลยว่าเหมือนกินกาแฟผสมสบู่ (หัวเราะ),,th,2025-12-12T19:18:56.948617
349,P14,19,Interviewer,ถ้ามีแบรนด์ใหม่ที่โฆษณาว่า “ล้างมันดีมากแต่กลิ่นแรงหน่อย” จะลองไหม?,,th,2025-12-12T19:19:03.996014
350,P14,20,Respondent,ไม่ครับ เพราะต้องแชร์กัน กลิ่นแรงคนอื่นอาจไม่ชอบ ต้องเลือกกลาง ๆ ไว้ก่อน,,th,2025-12-12T19:19:03.996014
351,P14,21,Interviewer,แล้วถ้ามีสูตร eco หรือ refill คุณสนใจไหม?,,th,2025-12-12T19:19:08.528817
352,P14,22,Respondent,สนใจครับ เพราะที่นี่เขาแยกขยะจริงจัง ถ้ามี refill หรือ ขวดรีไซเคิลได้จะรู้สึกดีมาก,,th,2025-12-12T19:19:08.528817
353,P14,23,Interviewer,สุดท้ายถ้ามีเพื่อนไทยจะมาศึกษาต่อ แล้วถามว่า “ยี่ห้อไหนดีในต่างประเทศ?” คุณจะตอบว่าอะไรครับ?,,th,2025-12-12T19:19:14.948914
354,P14,24,Respondent,บอกว่า Sunlight เลย หาซื้อง่าย ทุกคนใช้ได้ ไม่แรง ไม่เปลืองน้ำ,,th,2025-12-12T19:19:14.948914
355,P15,1,Interviewer,ปกติใช้ยี่ห้อน้ำยาล้างจานอะไรอยู่คะ?,,th,2025-12-12T19:19:22.032121
356,P15,2,Respondent,ตอนนี้ใช้ Sunlight สูตรอ่อนโยนต่อมือค่ะ เคยลองหลายยี่ห้อแต่ส่วนใหญ่จะทำให้มือแห้ง แพ้ง่ายมาก,,th,2025-12-12T19:19:22.032121
357,P15,3,Interviewer,ทำไมถึงเลือกสูตรอ่อนโยนเป็นหลักคะ?,,th,2025-12-12T19:19:29.039203
358,P15,4,Respondent,เพราะเคยล้างแล้วมือแตกจนต้องไปหาหมอค่ะ หมอบอกว่าเป็น contact dermatitis จากสารเคมีในน้ำยาล้างจาน ตั้งแต่นั้นเลยเลือกแต่สูตรที่เขียนว่า gentle หรือมีส่วนผสมธรรมชาติ,,th,2025-12-12T19:19:29.039203
359,P15,5,Interviewer,แล้วเวลาเลือกดูอะไรเป็นพิเศษไหม?,,th,2025-12-12T19:19:35.328383
360,P15,6,Respondent,ดู ingredient ค่ะ ถ้ามีคำว่า SLS หรือ alcohol เยอะ ๆ จะเลี่ยงเลย แล้วก็ดูว่ามี vitamin E หรือ aloe vera มั้ย พวกนี้ช่วยให้มือไม่แห้ง,,th,2025-12-12T19:19:35.328383
361,P15,7,Interviewer,เคยลอง LiponF ไหมคะ?,,th,2025-12-12T19:19:42.482409
362,P15,8,Respondent,เคยค่ะ ล้างดีมาก แต่แรงไปนิด มือแห้งค่ะ ถ้าใช้ต้องใส่ถุงมือทุกครั้ง,,th,2025-12-12T19:19:42.482409
363,P15,9,Interviewer,แล้ว Sunlight ล่ะคะ รู้สึกต่างยังไง?,,th,2025-12-12T19:19:49.553757
364,P15,10,Respondent,Sunlight สูตรอ่อนโยนมันฟองไม่เยอะ ล้างง่าย ไม่รู้สึกคันหลังล้าง แล้วกลิ่นหอมสะอาดแบบธรรมชาติ รู้สึกสบายใจเวลาล้าง,,th,2025-12-12T19:19:49.553757
365,P15,11,Interviewer,ฟังดูให้ความสำคัญกับกลิ่นด้วยใช่ไหมคะ?,,th,2025-12-12T19:20:00.100317
366,P15,12,Respondent,ใช่ค่ะ เพราะถ้ากลิ่นแรงเกินจะรู้สึกแสบจมูก อยากได้กลิ่นสะอาด ๆ แบบเบา ๆ ไม่เคมี,,th,2025-12-12T19:20:00.100317
367,P15,13,Interviewer,เวลาล้างจานบ่อย ๆ มีพฤติกรรมช่วยถนอมมือยังไงบ้างคะ?,,th,2025-12-12T19:20:06.347241
368,P15,14,Respondent,พยายามล้างให้เร็วขึ้น ใส่ถุงมือบาง ๆ แล้วก็ใช้ครีมทามือทุกคืนค่ะ ถ้าเจอสูตรที่ไม่ต้องกลัวมือพังจะดีมาก,,th,2025-12-12T19:20:06.347241
369,P15,15,Interviewer,แล้วมีปัญหาเรื่องฟองไหมคะ?,,th,2025-12-12T19:20:13.093200
370,P15,16,Respondent,ถ้าฟองเยอะเกินไปจะไม่ชอบ เพราะต้องใช้น้ำเยอะล้างออก บางทีฟองติดมือแล้วรู้สึกแสบ,,th,2025-12-12T19:20:13.093200
371,P15,17,Interviewer,ถ้ามีแบรนด์ใหม่ที่บอกว่า “ล้างดีเท่า LiponF แต่อ่อนโยนแบบ skincare” จะลองไหมคะ?,,th,2025-12-12T19:20:21.681404
372,P15,18,Respondent,ลองแน่นอนเลยค่ะ ขอแค่อ่อนโยนจริง ไม่ใช่เขียนข้างขวดเฉย ๆ ถ้ามี dermatologist tested จะเชื่อถือมากขึ้น,,th,2025-12-12T19:20:21.681404
373,P15,19,Interviewer,แล้วในภาพจำของแบรนด์ตอนนี้เป็นยังไงบ้างคะ?,,th,2025-12-12T19:20:28.261961
374,P15,20,Respondent,LiponF = เข้มข้น ล้างมันดี แต่แรง Sunlight = อ่อนโยน ใช้ง่าย เหมาะกับผู้หญิงทำงานแบบเรา,,th,2025-12-12T19:20:28.261961
375,P15,21,Interviewer,ถ้ามีเพื่อนบ่นว่าล้างจานแล้วมือแห้ง คุณจะแนะนำอะไรคะ?,,th,2025-12-12T19:20:37.166982
376,P15,22,Respondent,บอกให้ลองสูตรอ่อนโยนของ Sunlight ค่ะ หรือพวกแบรนด์ออร์แกนิก ถ้าไม่กลัวเปลืองหน่อย มือจะสบายกว่าเยอะ,,th,2025-12-12T19:20:37.166982
377,P16,1,Interviewer,ตอนนี้ใช้ยี่ห้อน้ำยาล้างจานอะไรอยู่คะ?,,th,2025-12-12T19:20:45.904495
378,P16,2,Respondent,ตอนนี้ใช้ของ Sunlight สูตรออร์แกนิกค่ะ แต่ไม่ใช่สูตรปกติ เพราะต้องใช้ล้างขวดนมลูกด้วย ต้องแน่ใจว่าไม่เหลือสารตกค้าง,,th,2025-12-12T19:20:45.904495
379,P16,3,Interviewer,ทำไมถึงเลือกสูตรนี้คะ?,,th,2025-12-12T19:20:51.266883
380,P16,4,Respondent,เพราะก่อนคลอดก็หาข้อมูลเยอะ หลายคนบอกว่าน้ำยาล้างจานทั่วไปมีสารเคมีตกค้าง เลยเลือกสูตรที่เขียนว่า “ล้างขวดนมได้” หรือ “food-grade” ไว้ก่อนเลย,,th,2025-12-12T19:20:51.266883
381,P16,5,Interviewer,แล้วเคยลองแบรนด์อื่นไหมคะ?,,th,2025-12-12T19:20:58.038061
382,P16,6,Respondent,เคยลองแบรนด์สำหรับเด็กโดยเฉพาะค่ะ แต่ราคาสูงมาก พอมาเจอ Sunlight สูตรธรรมชาติก็รู้สึกว่าเป็นจุดกลางที่ดี สะอาด แต่ยังปลอดภัย,,th,2025-12-12T19:20:58.038061
383,P16,7,Interviewer,เวลาล้างขวดนมต้องละเอียดกว่าล้างจานทั่วไปไหมคะ?,,th,2025-12-12T19:21:07.517570
384,P16,8,Respondent,มากค่ะ ต้องแช่ก่อน ใช้แปรงเฉพาะ แล้วล้างซ้ำหลายรอบ น้ำยาต้องล้างออกง่าย ไม่เหลือฟองหรือกลิ่นเลย,,th,2025-12-12T19:21:07.517570
385,P16,9,Interviewer,แล้วรู้สึกยังไงเวลาใช้ Sunlight ล้างขวดนมคะ?,,th,2025-12-12T19:21:16.025732
386,P16,10,Respondent,รู้สึกสะอาดดีค่ะ กลิ่นอ่อน ไม่เคมี พอล้างแล้วเอาไปต้มต่อ ไม่มีกลิ่นเหลือเลย มั่นใจว่าปลอดภัย,,th,2025-12-12T19:21:16.025732
387,P16,11,Interviewer,เคยใช้ LiponF ไหมคะ?,,th,2025-12-12T19:21:21.311326
388,P16,12,Respondent,เคยตอนก่อนมีลูกค่ะ ล้างมันดีมาก แต่แรงไปสำหรับขวดนม รู้สึกกลัวสารตกค้างเลยเปลี่ยน,,th,2025-12-12T19:21:21.311326
389,P16,13,Interviewer,แล้วเวลาซื้อเลือกจากอะไรเป็นหลักคะ?,,th,2025-12-12T19:21:27.676496
390,P16,14,Respondent,ดูคำว่า “ปลอดภัยสำหรับเด็ก” หรือ “ผ่านการทดสอบแพทย์” ก่อนเลยค่ะ ถ้ามี certification เช่น Dermatologist หรือ Food Contact Safe ยิ่งมั่นใจ,,th,2025-12-12T19:21:27.676496
391,P16,15,Interviewer,แล้วถ้ามีแบรนด์ใหม่ที่ออกสูตรเฉพาะ “สำหรับครอบครัวมีเด็กเล็ก” คุณสนใจไหม?,,th,2025-12-12T19:21:33.624863
392,P16,16,Respondent,สนใจแน่นอนค่ะ เพราะตอนนี้ยังต้องซื้อน้ำยาล้างขวดนมแยกจากน้ำยาล้างจาน ถ้ามีสูตรเดียวใช้ได้ทั้งสองจะสะดวกมาก,,th,2025-12-12T19:21:33.624863
393,P16,17,Interviewer,ถ้ามีคนถามว่า “ทำไมต้องเลือกน้ำยาล้างจานดีๆ ขนาดนั้น?” คุณจะตอบยังไงคะ?,,th,2025-12-12T19:21:38.167150
394,P16,18,Respondent,จะบอกว่า เพราะลูกเอาขวดนมเข้าปากทุกวัน สารตกค้างนิดเดียวก็ไม่คุ้มเลย ดีกว่าป้องกันไว้ก่อน,,th,2025-12-12T19:21:38.167150
395,P16,19,Interviewer,สุดท้ายถ้ามีเพื่อนที่กำลังตั้งครรภ์ถามว่า “ยี่ห้อไหนดี?” คุณจะตอบว่าอะไรคะ?,,th,2025-12-12T19:21:43.983648
396,P16,20,Respondent,บอกว่า Sunlight สูตรออร์แกนิกค่ะ เพราะใช้กับขวดนมได้ สะอาด ปลอดภัย ราคากลางๆ ไม่ต้องซื้อสองแบบ,,th,2025-12-12T19:21:43.983648
397,P17,1,Interviewer,ปกติพี่ใช้ยี่ห้อน้ำยาล้างจานอะไรคะเวลาทำความสะอาดห้อง?,,th,2025-12-12T19:21:53.413583
398,P17,2,Respondent,ส่วนใหญ่ใช้ LiponF ค่ะ ซื้อแบบแกลลอนใหญ่ ใช้คุ้ม ล้างจานหม้อแก้วได้หมด ไม่ต้องบีบเยอะ,,th,2025-12-12T19:21:53.413583
399,P17,3,Interviewer,ทำไมถึงเลือก LiponF เป็นหลักคะ?,,th,2025-12-12T19:22:01.410289
400,P17,4,Respondent,เพราะมันเข้มข้น ใช้กับห้องหลายห้องได้เลย จานมันๆ จากแขกที่ทำอาหารเอง ล้างทีเดียวก็ออก ไม่ต้องขัดซ้ำ,,th,2025-12-12T19:22:01.410289
401,P17,5,Interviewer,เคยลอง Sunlight ไหมคะ?,,th,2025-12-12T19:22:12.230922
402,P17,6,Respondent,เคยค่ะ กลิ่นหอมดีแต่เปลืองกว่า ต้องบีบเยอะ ถึงจะล้างมันออกหมด เลยกลับมาใช้ LiponF,,th,2025-12-12T19:22:12.230922
403,P17,7,Interviewer,พี่ต้องล้างจานวันละกี่ชุดคะ?,,th,2025-12-12T19:22:20.189439
404,P17,8,Respondent,ถ้าวันที่แขกเยอะ 5–6 ห้อง ก็ประมาณ 20–30 ชุดได้ค่ะ เลยต้องใช้น้ำยาที่ล้างไว ไม่เปลืองน้ำ ไม่ต้องรอฟองหาย,,th,2025-12-12T19:22:20.189439
405,P17,9,Interviewer,แล้วฟองมีผลไหมกับการทำงานคะ?,,th,2025-12-12T19:22:28.497085
406,P17,10,Respondent,มีค่ะ ถ้าฟองเยอะจะล้างออกยาก เสียเวลา บางทีต้องล้างแก้วไวน์หรือถ้วยกาแฟให้ใส ถ้ามีฟองเหลือจะดูไม่สะอาด,,th,2025-12-12T19:22:28.497085
407,P17,11,Interviewer,แล้วกลิ่นล่ะคะ สำคัญไหม?,,th,2025-12-12T19:22:34.262790
408,P17,12,Respondent,สำคัญนิดหน่อยค่ะ ไม่อยากให้กลิ่นแรงเกินไปเพราะห้องปิด ถ้ากลิ่นแรงมันจะติดในอ่างล้างจาน,,th,2025-12-12T19:22:34.262790
409,P17,13,Interviewer,เคยมีปัญหาเรื่องมือแห้งไหมคะ?,,th,2025-12-12T19:22:38.497612
410,P17,14,Respondent,มีบ้างค่ะ แต่เราก็ใส่ถุงมืออยู่แล้ว เพราะต้องใช้ทั้งน้ำยา น้ำยาถูพื้น น้ำยาห้องน้ำ เลยไม่ซีเรียสเท่าไร,,th,2025-12-12T19:22:38.497612
411,P17,15,Interviewer,ถ้ามีสูตรที่บอกว่า “ล้างไวขึ้น 40% ฟองน้อย แต่ล้างมันดีเหมือนเดิม” พี่สนใจไหมคะ?,,th,2025-12-12T19:22:43.641782
412,P17,16,Respondent,สนใจเลยค่ะ เพราะล้างไวขึ้น ทำห้องได้เพิ่ม เวลาเร่งๆ จะช่วยเยอะมาก,,th,2025-12-12T19:22:43.641782
413,P17,17,Interviewer,แล้วถ้ามีแบรนด์ทำแพ็กเกจ refill ใหญ่ ส่งตรงถึงคอนโด จะสะดวกไหมคะ?,,th,2025-12-12T19:22:49.207051
414,P17,18,Respondent,สะดวกมากค่ะ ตอนนี้ต้องหิ้วจาก Makro ทุกเดือน ถ้ามีส่งถึงคอนโดคือดีสุด,,th,2025-12-12T19:22:49.207051
415,P17,19,Interviewer,แล้วพี่รู้สึกยังไงกับ LiponF กับ Sunlight ในภาพรวมคะ?,,th,2025-12-12T19:22:54.428986
416,P17,20,Respondent,LiponF = เข้มข้น ล้างมัน คุ้ม Sunlight = กลิ่นดี แต่เหมาะกับบ้านมากกว่า ไม่เหมาะกับงานเร่งๆ แบบคอนโด,,th,2025-12-12T19:22:54.428986
417,P17,21,Interviewer,ถ้ามีเพื่อนทำงานแม่บ้านด้วยกันถามว่า “ยี่ห้อไหนดีสุด?” พี่จะตอบว่าอะไรคะ?,,th,2025-12-12T19:23:03.641532
418,P17,22,Respondent,LiponF เลยค่ะ เพราะคุ้ม ล้างมันดี ล้างไว ฟองน้อย,,th,2025-12-12T19:23:03.641532
419,P18,1,Interviewer,ปกติพี่ใช้น้ำยาล้างจานยี่ห้ออะไรคะ?,,th,2025-12-12T19:23:15.194005
420,P18,2,Respondent,ส่วนใหญ่ใช้ LiponF ค่ะ ซื้อแบบแกลลอนใหญ่ เพราะล้างทุกวัน ล้างหม้อทอดหมู กระทะ เขียง มันเยอะมาก,,th,2025-12-12T19:23:15.194005
421,P18,3,Interviewer,ทำไมถึงเลือก LiponF คะ?,,th,2025-12-12T19:23:23.460738
422,P18,4,Respondent,มันล้างมันออกง่าย เข้มข้น ใช้แค่นิดเดียวก็สะอาด บางทีน้ำมันหมูติดแน่น ก็ยังออก,,th,2025-12-12T19:23:23.460738
423,P18,5,Interviewer,เคยลอง Sunlight ไหมคะ?,,th,2025-12-12T19:23:31.289342
424,P18,6,Respondent,เคยค่ะ กลิ่นหอมดี แต่ต้องบีบเยอะ เลยเปลืองกว่า รู้สึกมันเหมาะกับบ้านมากกว่า ไม่เหมาะกับงานตลาดที่ต้องล้างของมันจัด,,th,2025-12-12T19:23:31.289342
425,P18,7,Interviewer,พี่ล้างของช่วงไหนของวันคะ?,,th,2025-12-12T19:23:38.416414
426,P18,8,Respondent,หลังขายเสร็จ ประมาณ 10 โมงเช้า ต้องล้างไว เพราะจะได้พัก แล้วเตรียมของวันต่อไป ถ้าล้างช้า เสียเวลาเยอะ,,th,2025-12-12T19:23:38.416414
427,P18,9,Interviewer,แล้วฟองมีผลกับพี่ไหม?,,th,2025-12-12T19:23:45.774554
428,P18,10,Respondent,มีค่ะ ไม่ชอบฟองเยอะ เพราะต้องใช้น้ำเยอะล้างออก ตลาดน้ำไม่แรง ต้องประหยัดน้ำไว้,,th,2025-12-12T19:23:45.774554
429,P18,11,Interviewer,แล้วกลิ่นล่ะคะ มีผลไหม?,,th,2025-12-12T19:23:57.103983
430,P18,12,Respondent,อยากได้กลิ่นสะอาด ไม่แรง เพราะล้างในที่เปิด บางทีลมพัดเข้าหน้าร้าน ถ้ากลิ่นแรง กลิ่นหมูกับกลิ่นน้ำยาปนกัน ไม่ดีเลย,,th,2025-12-12T19:23:57.103983
431,P18,13,Interviewer,เคยมีปัญหามือแห้งไหมคะ?,,th,2025-12-12T19:24:00.637967
432,P18,14,Respondent,มีค่ะ แต่ชินแล้ว เพราะล้างทุกวัน ใส่ถุงมือบ้างไม่ใส่บ้าง แต่ไม่ซีเรียส ขอให้ล้างมันออกเร็วก็พอ,,th,2025-12-12T19:24:00.637967
433,P18,15,Interviewer,ถ้ามีสูตรที่บอกว่า “ล้างมันไวขึ้น 30% ฟองน้อย ประหยัดน้ำ” พี่สนใจไหมคะ?,,th,2025-12-12T19:24:08.699769
434,P18,16,Respondent,สนใจมากเลยค่ะ เพราะทุกนาทีคือเวลาเตรียมของ ถ้าล้างไวขึ้นได้ ดีเลย,,th,2025-12-12T19:24:08.699769
435,P18,17,Interviewer,แล้วเรื่องราคา พี่ดูยังไงเวลาซื้อ?,,th,2025-12-12T19:24:16.875860
436,P18,18,Respondent,ต้องคุ้ม ดูโปรลดราคาที่ Makro หรือ ร้านส่ง บางทีซื้อ 2 แกลลอนขึ้นไปได้ของแถม คือล้างทุกวัน ของหมดเร็วมาก,,th,2025-12-12T19:24:16.875860
437,P18,19,Interviewer,แล้วพี่มองว่า LiponF กับ Sunlight ต่างกันยังไงคะ?,,th,2025-12-12T19:24:23.701903
438,P18,20,Respondent,LiponF คือของร้านค้า ของตลาด ล้างมันดี Sunlight คือของบ้าน กลิ่นหอมแต่เบา ไม่คุ้มสำหรับงานเรา,,th,2025-12-12T19:24:23.701903
439,P18,21,Interviewer,ถ้ามีเพื่อนแม่ค้าถามว่า “ยี่ห้อไหนดีสุดสำหรับร้านอาหาร?” พี่จะตอบว่าอะไรคะ?,,th,2025-12-12T19:24:32.239943
440,P18,22,Respondent,LiponF แน่นอนค่ะ คุ้ม เข้มข้น ฟองน้อย ล้างไว เหมาะกับคนทำงานจริงๆ,,th,2025-12-12T19:24:32.239943
441,P19,1,Interviewer,ปกติคุณใช้ยี่ห้อน้ำยาล้างจานอะไรอยู่คะ?,,th,2025-12-12T19:24:43.428154
442,P19,2,Respondent,ใช้ Sunlight ค่ะ แต่เป็นสูตร Natural Lemon หรือบางทีก็ใช้แบรนด์ญี่ปุ่นที่กลิ่นหอมอ่อน ๆ พวก Muji หรือแบรนด์ Organic จากซูเปอร์พรีเมียมค่ะ,,th,2025-12-12T19:24:43.428154
443,P19,3,Interviewer,ทำไมถึงเลือกแบรนด์พวกนี้คะ?,,th,2025-12-12T19:24:49.079501
444,P19,4,Respondent,เพราะกลิ่นต้องดี ขวดต้องดูสะอาดตา วางไว้ในครัวแล้วไม่ขัดกับบรรยากาศ ส่วนประสิทธิภาพก็ต้องล้างง่าย ไม่เหนียว ไม่เหลือกลิ่นบนจาน,,th,2025-12-12T19:24:49.079501
445,P19,5,Interviewer,แล้วเคยลอง LiponF ไหมคะ?,,th,2025-12-12T19:24:56.647407
446,P19,6,Respondent,เคยตอนอยู่บ้านที่ต่างจังหวัดค่ะ ล้างมันดีมาก แต่กลิ่นแรง แล้วขวดดูบ้าน ๆ ไปหน่อย ตอนนี้อยากได้ของที่เข้ากับครัวสไตล์มินิมอลของคอนโดมากกว่า,,th,2025-12-12T19:24:56.647407
447,P19,7,Interviewer,แล้วเวลาซื้อ เลือกจากอะไรเป็นหลักคะ?,,th,2025-12-12T19:25:01.889244
448,P19,8,Respondent,กลิ่นและดีไซน์ค่ะ จริง ๆ ถ้าล้างดีเหมือนกันแต่ขวดสวยกว่า ฉันเลือกขวดสวยก่อนเลย (หัวเราะ) เพราะในคอนโดเล็ก ๆ ทุกอย่างต้องดูเรียบร้อย,,th,2025-12-12T19:25:01.889244
449,P19,9,Interviewer,มีความรู้สึกยังไงกับ Sunlight คะ?,,th,2025-12-12T19:25:06.907229
450,P19,10,Respondent,รู้สึกว่าเป็นแบรนด์ที่ไว้ใจได้ มีหลายสูตรให้เลือก กลิ่นหอมสะอาด แต่ยังอยากให้มีเวอร์ชันที่ดีไซน์เรียบหรูขึ้น เหมือนแบรนด์ญี่ปุ่นหรือเกาหลีที่เน้นแพ็กเกจสวย,,th,2025-12-12T19:25:06.907229
451,P19,11,Interviewer,แล้วคุณล้างจานบ่อยไหมคะ?,,th,2025-12-12T19:25:12.390981
452,P19,12,Respondent,ไม่เยอะค่ะ ส่วนใหญ่ตอนเย็นหลังทำอาหารเล็กน้อยกับแฟน แค่จานสองสามใบ แต่ชอบล้างเอง เพราะรู้สึกสะอาดกว่าเครื่องล้างจาน,,th,2025-12-12T19:25:12.390981
453,P19,13,Interviewer,ฟองเยอะมีผลไหมคะ?,,th,2025-12-12T19:25:17.333843
454,P19,14,Respondent,ถ้าฟองเยอะเกินไปจะรู้สึกว่าล้างไม่สะอาด ต้องใช้น้ำเยอะ ล้างออกยาก ชอบสูตรที่ฟองพอดี ๆ ล้างจบในครั้งเดียว,,th,2025-12-12T19:25:17.333843
455,P19,15,Interviewer,แล้วคุณให้ความสำคัญกับกลิ่นแบบไหน?,,th,2025-12-12T19:25:22.537103
456,P19,16,Respondent,ชอบกลิ่นสะอาดแต่ sophisticated เช่น กลิ่น Citrus เบา ๆ หรือกลิ่น Herb แบบ Natural ไม่ใช่กลิ่นเคมีหรือหวานแบบผลไม้เด็ก ๆ,,th,2025-12-12T19:25:22.537103
457,P19,17,Interviewer,ถ้ามีแบรนด์ออกสูตร “Luxury Kitchen Clean” ขวดมินิมอล กลิ่นธรรมชาติ และส่วนผสมพรีเมียม คุณจะลองไหม?,,th,2025-12-12T19:25:27.774478
458,P19,18,Respondent,ลองแน่นอนค่ะ เพราะตอนนี้ยังไม่มีแบรนด์ไทยไหนทำให้รู้สึกว่าเป็นของพรีเมียมจริง ๆ น้ำยาล้างจานมันดู low involvement ไปหน่อย ทั้งที่มันอยู่ในทุกบ้าน,,th,2025-12-12T19:25:27.774478
459,P19,19,Interviewer,ถ้ามีเพื่อนที่อยู่คอนโดถามว่า “ยี่ห้อไหนดีดูดีวางในครัวได้?” คุณจะตอบว่าอะไรคะ?,,th,2025-12-12T19:25:35.472503
460,P19,20,Respondent,Sunlight สูตรธรรมชาติ หรือไม่ก็แนะนำให้เทใส่ขวดใสเรียบ ๆ ไปเลยค่ะ ดูเรียบสะอาด ใช้ไปก็รู้สึกดีขึ้นเยอะ,,th,2025-12-12T19:25:35.472503
461,P20,1,Interviewer,ที่โรงเรียนใช้ยี่ห้อน้ำยาล้างจานอะไรอยู่คะ?,,th,2025-12-12T19:25:42.149170
462,P20,2,Respondent,ใช้ LiponF ค่ะ ซื้อแบบแกลลอน เพราะต้องใช้เยอะมาก ล้างถาดเด็กทุกวัน วันละหลายรอบ,,th,2025-12-12T19:25:42.149170
463,P20,3,Interviewer,ทำไมถึงเลือก LiponF คะ?,,th,2025-12-12T19:25:48.371856
464,P20,4,Respondent,ล้างดี สะอาด คราบอาหารมัน ออกหมด โดยไม่ต้องขัดเยอะ เวลาเด็กกินของทอดเยอะๆ ล้างแป๊บเดียวก็สะอาด คุ้มกับปริมาณค่ะ,,th,2025-12-12T19:25:48.371856
465,P20,5,Interviewer,เคยลอง Sunlight ไหมคะ?,,th,2025-12-12T19:25:56.544782
466,P20,6,Respondent,เคยค่ะ กลิ่นหอมดี แต่ฟองเยอะ ต้องใช้น้ำเยอะล้างออก ในโรงเรียนต้องประหยัดน้ำ แล้วแม่บ้านบางคนมือแพ้ง่าย บอกว่าแรงไปหน่อย,,th,2025-12-12T19:25:56.544782
467,P20,7,Interviewer,เวลาล้างจานนักเรียนต้องคำนึงเรื่องอะไรบ้างคะ?,,th,2025-12-12T19:26:06.872709
468,P20,8,Respondent,ต้องแน่ใจว่าสะอาด ไม่เหลือกลิ่นหรือคราบมัน เพราะเด็กบางคนแพ้ง่าย ต้องระวังสารตกค้าง เลยใช้น้ำเยอะหน่อยตอนล้างสุดท้าย,,th,2025-12-12T19:26:06.872709
469,P20,9,Interviewer,แล้วมีกลิ่นมีผลไหมคะ?,,th,2025-12-12T19:26:15.602127
470,P20,10,Respondent,มีค่ะ ไม่อยากให้กลิ่นแรง กลัวเด็กบ่นว่าจานมีกลิ่นสบู่ อยากได้กลิ่นอ่อนๆ สะอาดแบบธรรมชาติ,,th,2025-12-12T19:26:15.602127
471,P20,11,Interviewer,แล้วเรื่องมือระคายเคืองล่ะคะ?,,th,2025-12-12T19:26:20.889353
472,P20,12,Respondent,แม่บ้านบางคนมีปัญหามือแตก เลยต้องใส่ถุงมือ อยากได้สูตรที่อ่อนโยนกว่านี้ เพราะต้องล้างทั้งวัน,,th,2025-12-12T19:26:20.889353
473,P20,13,Interviewer,ถ้ามีแบรนด์ออกสูตร “ล้างสะอาด ปลอดภัยสำหรับเด็ก อ่อนโยนต่อมือ” จะสนใจไหมคะ?,,th,2025-12-12T19:26:26.582526
474,P20,14,Respondent,สนใจมากค่ะ เพราะตอนนี้ยังต้องแบ่งใช้ LiponF สำหรับจานมัน กับ Sunlight สูตรอ่อนโยน สำหรับของเด็กเล็ก อยากได้ตัวเดียวจบ,,th,2025-12-12T19:26:26.582526
475,P20,15,Interviewer,แล้วพี่มองภาพของแต่ละแบรนด์ยังไงคะ?,,th,2025-12-12T19:26:35.831550
476,P20,16,Respondent,LiponF คือ ของจริงจัง ล้างมัน เหมาะกับครัวใหญ่ Sunlight คือ ของบ้าน กลิ่นดี แต่ยังไม่ค่อยมั่นใจเรื่องสารตกค้าง เวลาใช้กับของเด็ก,,th,2025-12-12T19:26:35.831550
477,P20,17,Interviewer,ถ้ามีเพื่อนครูถามว่า “โรงเรียนใช้ยี่ห้อไหนดี?” จะตอบว่าอะไรคะ?,,th,2025-12-12T19:26:43.349710
478,P20,18,Respondent,LiponF ก่อนค่ะ แต่ถ้ามีสูตรที่ระบุว่า ปลอดภัยกับเด็ก และอ่อนโยนกับมือ จะเปลี่ยนทันที,,th,2025-12-12T19:26:43.349710
479,P21,1,Interviewer,หลังเลิกงานพี่ล้างของเองไหมคะ?,,th,2025-12-12T19:26:49.015458
480,P21,2,Respondent,ล้างเองครับ ทุกคืนเลย ทั้งกล่องใส่อาหาร กระติกน้ำ หม้อหุงข้าวเล็ก มันจะมีคราบน้ำมันจากอาหารลูกค้าเยอะ ต้องล้างให้หมดไม่งั้นมีกลิ่น,,th,2025-12-12T19:26:49.015458
481,P21,3,Interviewer,ตอนนี้ใช้ยี่ห้อน้ำยาล้างจานอะไรคะ?,,th,2025-12-12T19:26:55.221466
482,P21,4,Respondent,ส่วนใหญ่ Sunlight ครับ เพราะซื้อสะดวก หอม ล้างมันออกดี ไม่ต้องบีบเยอะ กลิ่นเลมอนช่วยให้รู้สึกสดชื่นหลังวันเหนื่อย ๆ,,th,2025-12-12T19:26:55.221466
483,P21,5,Interviewer,เคยลอง LiponF ไหมคะ?,,th,2025-12-12T19:27:04.120130
484,P21,6,Respondent,เคยครับ แรงดี ล้างกล่องมัน ๆ ได้หมด แต่กลิ่นแรงไปนิด เวลาใช้ตอนกลางคืนในห้องเช่าเล็ก กลิ่นจะอบอยู่ในห้อง,,th,2025-12-12T19:27:04.120130
485,P21,7,Interviewer,เวลาซื้อเลือกจากอะไรเป็นหลักครับ?,,th,2025-12-12T19:27:09.945420
486,P21,8,Respondent,ราคากับกลิ่นครับ บางเดือนเงินไม่พอ ก็เลือกแบบรีฟิลใหญ่คุ้ม แต่ยังต้องหอมด้วย ล้างแล้วไม่มีกลิ่นค้างในกล่อง,,th,2025-12-12T19:27:09.945420
487,P21,9,Interviewer,มีปัญหามือแห้งไหมคะ?,,th,2025-12-12T19:27:20.035729
488,P21,10,Respondent,มีบ้างครับ แต่ไม่เยอะ เพราะใส่ถุงมือเวลาล้าง แต่อยากได้สูตรที่ไม่ทำให้ตึงมือ บางทีล้างเสร็จแล้วต้องออกไปขี่ต่อช่วงกลางคืนอีก,,th,2025-12-12T19:27:20.035729
489,P21,11,Interviewer,ฟองมีผลไหมกับการล้าง?,,th,2025-12-12T19:27:26.122792
490,P21,12,Respondent,มีครับ ไม่ชอบฟองเยอะ มันทำให้ล้างนาน อยากให้ล้างไว น้ำเดียวจบ เพราะตอนล้างส่วนใหญ่รีบ อยากพัก,,th,2025-12-12T19:27:26.122792
491,P21,13,Interviewer,แล้วกลิ่นที่พี่ชอบเป็นแบบไหนครับ?,,th,2025-12-12T19:27:32.188452
492,P21,14,Respondent,หอมแบบสดชื่น สะอาด ไม่ฉุน กลิ่นเลมอนหรือมะกรูดโอเค ล้างเสร็จแล้วรู้สึกห้องสะอาดด้วย,,th,2025-12-12T19:27:32.188452
493,P21,15,Interviewer,ถ้ามีสูตร “ล้างไว กลิ่นหอมเย็น ลดฟอง ประหยัดน้ำ ” พี่จะลองไหมคะ?,,th,2025-12-12T19:27:41.126570
494,P21,16,Respondent,ลองเลยครับ เพราะอยากได้แบบล้างจบไว ไม่เปลืองน้ำ ไม่เหนียวมือ,,th,2025-12-12T19:27:41.126570
495,P21,17,Interviewer,พี่มองว่า LiponF กับ Sunlight ต่างกันยังไงครับ?,,th,2025-12-12T19:27:49.644989
496,P21,18,Respondent,LiponF เหมาะกับร้านอาหาร ของจริงจัง Sunlight เหมาะกับใช้ในบ้านหรือคนอยู่หอ กลิ่นดีกว่า แต่ล้างมันน้อยกว่า ถ้าได้รวมข้อดีสองอย่างเข้าด้วยกันจะดีมาก,,th,2025-12-12T19:27:49.644989
497,P21,19,Interviewer,ถ้ามีเพื่อนไรเดอร์ถามว่า “ใช้น้ำยาล้างจานอะไรดีสุด?” พี่จะตอบว่าอะไรครับ?,,th,2025-12-12T19:27:58.124294
498,P21,20,Respondent,Sunlight ครับ เพราะหอม ล้างไว หาซื้อง่าย แต่ถ้ามีโปร LiponF ก็ซื้อไว้ล้างหม้อใหญ่ ใช้สลับกัน,,th,2025-12-12T19:27:58.124294
499,P22,1,Interviewer,ปกติใช้ยี่ห้อน้ำยาล้างจานอะไรอยู่คะ?,,th,2025-12-12T19:28:06.963128
500,P22,2,Respondent,ใช้ Sunlight ค่ะ สูตรเลมอนธรรมชาติ ซื้อจาก 7-11 เพราะหาซื้อง่าย แล้วกลิ่นหอม สดชื่นดี,,th,2025-12-12T19:28:06.963128
501,P22,3,Interviewer,ทำไมถึงเลือกยี่ห้อนี้คะ?,,th,2025-12-12T19:28:16.071589
502,P22,4,Respondent,เพราะมันไม่แรงเกินไป ฟองไม่เยอะมาก ล้างง่ายในอ่างเล็ก ๆ ที่หอ แล้วกลิ่นมันหอมแบบสะอาด ล้างเสร็จแล้วห้องไม่มีกลิ่นอับ,,th,2025-12-12T19:28:16.071589
503,P22,5,Interviewer,เคยลอง LiponF ไหมคะ?,,th,2025-12-12T19:28:25.940939
504,P22,6,Respondent,เคยตอนอยู่บ้านค่ะ ล้างมันดีมาก แต่ที่หอมันแรงไป กลิ่นอบในห้อง ล้างแล้วต้องเปิดพัดลมเลย (หัวเราะ),,th,2025-12-12T19:28:25.940939
505,P22,7,Interviewer,ที่หอล้างจานลำบากไหมคะ?,,th,2025-12-12T19:28:32.007934
506,P22,8,Respondent,ค่ะ เพราะอ่างมันเล็กมาก ต้องวางจานซ้อน ๆ แล้วล้างทีละใบ ถ้าน้ำยาฟองเยอะจะล้างยากมาก ใช้น้ำเยอะกว่าจะหมดฟอง,,th,2025-12-12T19:28:32.007934
507,P22,9,Interviewer,เวลาล้างหลังเรียน เหนื่อยไหมคะ?,,th,2025-12-12T19:28:36.933736
508,P22,10,Respondent,เหนื่อยค่ะ แต่ชอบกลิ่นตอนล้าง มันช่วยให้รู้สึกผ่อนคลาย กลิ่นเลมอนแบบเย็น ๆ ทำให้ห้องรู้สึกสะอาดขึ้น,,th,2025-12-12T19:28:36.933736
509,P22,11,Interviewer,พี่ให้ความสำคัญกับกลิ่นมากเลยใช่ไหมคะ?,,th,2025-12-12T19:28:46.787021
510,P22,12,Respondent,ใช่ค่ะ ถ้ากลิ่นไม่ดีจะรู้สึกไม่อยากล้าง กลิ่นแรงหรือเคมีจะรู้สึกเวียนหัว,,th,2025-12-12T19:28:46.787021
511,P22,13,Interviewer,แล้วดูอะไรเวลาซื้อคะ?,,th,2025-12-12T19:28:52.448640
512,P22,14,Respondent,ขนาดขวดค่ะ ต้องเล็กพอดีอ่างหรือตู้ในหอ แล้วก็ราคาไม่แพง พวก refill pack ใช้สะดวกมากเพราะประหยัดพื้นที่,,th,2025-12-12T19:28:52.448640
513,P22,15,Interviewer,ถ้ามีสูตรใหม่ที่บอกว่า “หอมผ่อนคลาย ล้างง่ายในอ่างเล็ก ฟองน้อย” พี่จะลองไหมคะ?,,th,2025-12-12T19:28:59.415389
514,P22,16,Respondent,ลองแน่นอนเลยค่ะ เหมาะกับชีวิตเด็กหอสุด ๆ เลย อยากได้กลิ่นแบบ lavender หรือ green tea ด้วยซ้ำ (หัวเราะ),,th,2025-12-12T19:28:59.415389
515,P22,17,Interviewer,มองว่า Sunlight กับ LiponF ต่างกันยังไงคะ?,,th,2025-12-12T19:29:03.625732
516,P22,18,Respondent,Sunlight = หอม สดชื่น ใช้ง่ายในหอ LiponF = เข้มข้น ของแม่บ้านที่บ้าน ล้างมันดีแต่แรงไปสำหรับพื้นที่เล็ก,,th,2025-12-12T19:29:03.625732
517,P22,19,Interviewer,ถ้ามีเพื่อนถามว่า “เด็กหอใช้ยี่ห้อไหนดี?” จะตอบว่าอะไรคะ?,,th,2025-12-12T19:29:14.278600
518,P22,20,Respondent,Sunlight ค่ะ หอม ล้างง่าย ไม่ฟองเยอะ หาซื้อง่ายด้วย,,th,2025-12-12T19:29:14.278600
519,P23,1,Interviewer,ป้าใช้ยี่ห้อน้ำยาล้างจานอะไรอยู่ตอนนี้คะ?,,th,2025-12-12T19:29:26.182394
520,P23,2,Respondent,ใช้ Sunlight มาตลอดเลยลูก ตั้งแต่รุ่นเก่าจนตอนนี้ เปลี่ยนแค่สูตร กลิ่นมะนาว ใช้แล้วคุ้นมือดี,,th,2025-12-12T19:29:26.182394
521,P23,3,Interviewer,ทำไมถึงเลือกใช้ Sunlight คะ?,,th,2025-12-12T19:29:34.441666
522,P23,4,Respondent,เพราะมันล้างง่าย ไม่เหนียวมือ กลิ่นไม่ฉุน แล้วก็มีขายทั่วไป ไปตลาดร้านไหนก็มี ไม่ต้องหายี่ห้ออื่น,,th,2025-12-12T19:29:34.441666
523,P23,5,Interviewer,เคยลอง LiponF ไหมคะ?,,th,2025-12-12T19:29:47.250379
524,P23,6,Respondent,เคยจ้ะ ล้างมันดีมาก แต่แรงไปหน่อย มือแห้ง แล้วพื้นมันจะลื่น ๆ เวลาหยดน้ำยาเยอะเกินไป,,th,2025-12-12T19:29:47.250379
525,P23,7,Interviewer,ป้ามีปัญหาเรื่องมือแห้งไหมคะ?,,th,2025-12-12T19:29:57.972357
526,P23,8,Respondent,มีบ้าง มือแห้งง่ายเพราะอายุเยอะ ใช้ของแรง ๆ ไม่ได้ บางทีล้างเสร็จต้องรีบล้างน้ำเปล่าซ้ำเยอะ ๆ เพราะกลัวสารตกค้าง,,th,2025-12-12T19:29:57.972357
527,P23,9,Interviewer,ป้าให้ความสำคัญกับอะไรเวลาซื้อคะ?,,th,2025-12-12T19:30:04.498135
528,P23,10,Respondent,อยากได้แบบกลิ่นไม่แรง ล้างออกง่าย ไม่ลื่นมือ เวลาแก่แล้วแรงไม่เยอะ ถ้าขวดบีบแข็งหรือฝาแน่นเกินก็เปิดไม่ออก,,th,2025-12-12T19:30:04.498135
529,P23,11,Interviewer,แล้วซื้อที่ไหนบ่อยสุดคะ?,,th,2025-12-12T19:30:14.420645
530,P23,12,Respondent,ร้านโชห่วยแถวบ้านจ้ะ เขาจะขายเป็นขวดกับถุงรีฟิล เลือกสูตรธรรมชาติไว้ก่อน กลัวแพ้,,th,2025-12-12T19:30:14.420645
531,P23,13,Interviewer,ป้ารู้สึกยังไงเวลาใช้ Sunlight คะ?,,th,2025-12-12T19:30:22.990112
532,P23,14,Respondent,มั่นใจดีจ้ะ ใช้มานานเหมือนเพื่อนเก่า ล้างแล้วจานเงา ไม่มีกลิ่นติด ใช้แล้วรู้สึกสะอาดแบบไม่ต้องคิดเยอะ,,th,2025-12-12T19:30:22.990112
533,P23,15,Interviewer,ถ้ามีสูตรที่บอกว่า “ล้างง่าย อ่อนโยนสำหรับผิวผู้สูงอายุ” ป้าจะสนใจไหมคะ?,,th,2025-12-12T19:30:36.582382
534,P23,16,Respondent,สนใจเลยลูก เพราะคนแก่ผิวบาง มือแห้งง่าย อยากได้แบบไม่ต้องใส่ถุงมือก็ไม่คัน,,th,2025-12-12T19:30:36.582382
535,P23,17,Interviewer,ป้ามอง LiponF กับ Sunlight ต่างกันยังไงคะ?,,th,2025-12-12T19:30:42.778279
536,P23,18,Respondent,LiponF ล้างมันกว่า เหมาะกับร้านอาหาร Sunlight เหมาะกับบ้าน ใช้ง่าย กลิ่นหอมพอดี ไม่ฉุน,,th,2025-12-12T19:30:42.778279
537,P23,19,Interviewer,ถ้ามีเพื่อนรุ่นเดียวกันถามว่า “ใช้ยี่ห้อไหนดี?” ป้าจะตอบว่าอะไรคะ?,,th,2025-12-12T19:30:52.749775
538,P23,20,Respondent,Sunlight จ้ะ เพราะกลิ่นไม่แรง ใช้ได้นาน ไม่ต้องเปลี่ยนยี่ห้อบ่อย,,th,2025-12-12T19:30:52.749775
539,P24,1,Interviewer,ที่ร้านใช้ยี่ห้อน้ำยาล้างจานอะไรอยู่ตอนนี้คะ?,,th,2025-12-12T19:30:59.363954
540,P24,2,Respondent,ใช้ LiponF ครับ ซื้อเป็นแกลลอนใหญ่จาก Makro เพราะล้างเยอะทุกวัน แล้วมันเข้มข้น ล้างมันออกดี,,th,2025-12-12T19:30:59.363954
541,P24,3,Interviewer,ทำไมถึงเลือก LiponF คะ?,,th,2025-12-12T19:31:07.665741
542,P24,4,Respondent,ใช้แล้วรู้ว่ามันเอาอยู่ ล้างพวกจานมัน ๆ จากครัวได้สบาย อีกอย่างราคาต่อปริมาณคุ้มมาก ไม่ต้องบีบเยอะก็สะอาด,,th,2025-12-12T19:31:07.665741
543,P24,5,Interviewer,เคยลองแบรนด์อื่นไหมครับ?,,th,2025-12-12T19:31:16.073324
544,P24,6,Respondent,เคยครับ Sunlight ก็เคย แต่รู้สึกว่าเหมาะกับบ้านมากกว่า กลิ่นดีนะ แต่ในร้านมันหอมเกิน (หัวเราะ) บางทีแรงกลบกลิ่นกาแฟลูกค้าเลย,,th,2025-12-12T19:31:16.073324
545,P24,7,Interviewer,แล้วเวลาซื้อ ดูจากอะไรเป็นหลักครับ?,,th,2025-12-12T19:31:19.644750
546,P24,8,Respondent,ดูที่ล้างมันได้ดี ฟองพอดี ล้างออกง่าย แล้วก็ต้องไม่เหลือกลิ่นติดแก้ว เพราะร้านขายเครื่องดื่มเยอะ แก้วต้องไม่มีกลิ่นเลย,,th,2025-12-12T19:31:19.644750
547,P24,9,Interviewer,เคยเจอปัญหาอะไรไหมกับน้ำยาล้างจานที่ใช้?,,th,2025-12-12T19:31:31.440723
548,P24,10,Respondent,ถ้าใช้ยี่ห้อที่ราคาถูกเกิน ฟองจะเยอะเกิน แล้วล้างออกยาก เปลืองน้ำมาก ยิ่งตอนเร่งรีบไม่คุ้มเลย,,th,2025-12-12T19:31:31.440723
549,P24,11,Interviewer,แล้วเรื่องมือแห้งล่ะครับ มีผลไหม?,,th,2025-12-12T19:31:47.663162
550,P24,12,Respondent,พนักงานบางคนบ่นครับ แต่ในครัวก็ใส่ถุงมือกันอยู่แล้ว ผมมองที่ประสิทธิภาพก่อนเลย,,th,2025-12-12T19:31:47.663162
551,P24,13,Interviewer,ถ้ามีสูตรใหม่ที่เขียนว่า “เข้มข้น ล้างไว ฟองน้อย ใช้น้ำน้อยลง 30%” คุณสนใจไหมครับ?,,th,2025-12-12T19:31:54.087052
552,P24,14,Respondent,สนใจเลยครับ เพราะในร้านน้ำสำคัญมาก ใช้น้อยลงแต่ยังสะอาดคือดีสุด,,th,2025-12-12T19:31:54.087052
553,P24,15,Interviewer,แล้วมองแบรนด์ LiponF ยังไงครับในฐานะคนทำร้าน?,,th,2025-12-12T19:32:02.975252
554,P24,16,Respondent,มันดูเป็นของใช้มืออาชีพครับ เหมือนของจริงจัง เหมาะกับร้านอาหาร ถ้ามีสูตร Pro หรือสำหรับร้านโดยเฉพาะจะดีมาก,,th,2025-12-12T19:32:02.975252
555,P24,17,Interviewer,แล้ว Sunlight ล่ะครับ?,,th,2025-12-12T19:32:09.672781
556,P24,18,Respondent,ผมว่ามันดูสะอาด ดูทันสมัย เหมาะกับบ้าน แต่ในร้านผมมันยังดู “เบา” ไปหน่อย,,th,2025-12-12T19:32:09.672781
557,P24,19,Interviewer,ถ้ามีแบรนด์ใหม่ที่ทำสูตรเฉพาะสำหรับร้านอาหารขนาดเล็ก คุณอยากเห็นอะไรในนั้นบ้างครับ?,,th,2025-12-12T19:32:15.789830
558,P24,20,Respondent,อยากได้แบบ “clean kitchen series” ไปเลยครับ ล้างไว ฟองน้อย ล้างมันดี ไม่มีกลิ่นติดแก้ว แล้วถ้ามี refill หรือระบบส่งถึงร้านได้ยิ่งดี,,th,2025-12-12T19:32:15.789830
559,P24,21,Interviewer,แล้วถ้ามีลูกค้ามาเห็นขวดน้ำยาล้างจานวางในโซนครัวเปิด คุณคิดว่ามันมีผลกับภาพลักษณ์ร้านไหมครับ?,,th,2025-12-12T19:32:34.266799
560,P24,22,Respondent,มีครับ ผมเลือกขวดให้ดูเรียบสะอาดเลยนะ เพราะร้านผมครัวเปิด ขวดต้องดูไม่เลอะหรือสีฉูดฉาดเกินไป,,th,2025-12-12T19:32:34.266799
561,P24,23,Interviewer,ถ้ามีเพื่อนเจ้าของร้านถามว่า “น้ำยาล้างจานอะไรคุ้มสุด?” คุณตอบว่าอะไรครับ?,,th,2025-12-12T19:32:38.052258
562,P24,24,Respondent,LiponF แน่นอนครับ เข้มข้น ประหยัด ล้างมันดี แต่จะบอกเพิ่มว่า “หาขวดรีฟิลสวย ๆ มาบรรจุเอง” จะดูดีขึ้นเยอะ,,th,2025-12-12T19:32:38.052258
563,P25,1,Interviewer,ปกติใช้ยี่ห้อน้ำยาล้างจานอะไรคะในแล็บหรือที่บ้าน?,,th,2025-12-12T19:32:45.666260
564,P25,2,Respondent,ในแล็บจะใช้แบบ industrial เลยครับ แต่ถ้าในชีวิตประจำวันก็ใช้ Sunlight ครับ เพราะหาซื้อง่าย และมั่นใจเรื่องความสะอาด,,th,2025-12-12T19:32:45.666260
565,P25,3,Interviewer,เคยลอง LiponF ไหมคะ?,,th,2025-12-12T19:32:53.878060
566,P25,4,Respondent,เคยครับ ที่บ้านเคยใช้ ล้างมันดีมาก แต่ผมรู้สึกว่ามันแรงไปนิด โดยเฉพาะเวลาล้างขวดแก้วเล็ก ๆ หรือกล่องอาหารส่วนตัว กลัวจะมีสารตกค้าง,,th,2025-12-12T19:32:53.878060
567,P25,5,Interviewer,เวลาล้างในแล็บ ต้องละเอียดกว่าล้างจานไหมคะ?,,th,2025-12-12T19:33:05.088206
568,P25,6,Respondent,มากครับ ต้องแน่ใจว่าไม่มีฟองหรือกลิ่นเหลือเลย เพราะสารตกค้างนิดเดียวอาจส่งผลต่อการทดลอง ถ้าน้ำยาล้างจานล้างออกยาก จะไม่ใช้เลย,,th,2025-12-12T19:33:05.088206
569,P25,7,Interviewer,แล้วในบ้านล่ะครับ ล้างจานแบบไหน?,,th,2025-12-12T19:33:12.725947
570,P25,8,Respondent,ผมใช้สูตรธรรมชาติของ Sunlight เพราะกลิ่นอ่อน ล้างง่าย แล้วไม่รู้สึกว่ามีสารเคมีติดอยู่ พอแห้งแล้วไม่มีกลิ่น เหมือนสะอาดจริง ๆ,,th,2025-12-12T19:33:12.725947
571,P25,9,Interviewer,พี่ให้ความสำคัญกับเรื่องกลิ่นไหมครับ?,,th,2025-12-12T19:33:24.559578
572,P25,10,Respondent,"ให้ความสำคัญนะครับ แต่ไม่ใช่เพราะอยากให้หอม แต่อยากให้รู้สึก ""clean"" ไม่ใช่กลิ่นเคมีพ่นกลบ กลิ่น citrus เบา ๆ นี่โอเคมาก",,th,2025-12-12T19:33:24.559578
573,P25,11,Interviewer,ถ้ามีแบรนด์ใหม่ที่เคลมว่า “Zero Chemical Residue – Food & Lab Safe” จะลองไหมครับ?,,th,2025-12-12T19:33:35.265237
574,P25,12,Respondent,สนใจแน่นอนครับ โดยเฉพาะถ้ามีการทดสอบว่าไม่มีสารตกค้างจริง ๆ จะซื้อเลย เพราะทุกวันนี้ยังไม่เห็นแบรนด์ไหนสื่อสารเรื่องนี้ชัด,,th,2025-12-12T19:33:35.265237
575,P25,13,Interviewer,แล้วมองว่า Sunlight กับ LiponF ต่างกันยังไงคะ?,,th,2025-12-12T19:33:39.431701
576,P25,14,Respondent,LiponF คือ efficiency ล้างมันดีมาก เหมาะกับครัวมืออาชีพ Sunlight คือ everyday clean สำหรับคนทั่วไป หรือคนที่ต้องการความ balance ระหว่างสะอาดกับปลอดภัย,,th,2025-12-12T19:33:39.431701
577,P25,15,Interviewer,ถ้ามีเพื่อนทำงานในสายวิทย์ถามว่า “ยี่ห้อไหนดีสุดสำหรับของที่ต้องสะอาดจริง ๆ” จะตอบว่าอะไรคะ?,,th,2025-12-12T19:33:47.189389
578,P25,16,Respondent,ถ้าล้างหม้อหรือคราบหนัก — LiponF แต่ถ้าเป็นของที่ต้องแน่ใจเรื่องความปลอดภัย — Sunlight สูตรธรรมชาติครับ,,th,2025-12-12T19:33:47.189389
